year,단지명,sumID,유형별,국민임대,공공임대,영구임대,행복주택,임대료,버스추정교통량,승용차추정교통량,대중교통접근성_상,대중교통접근성_중,대중교통접근성_하,생활서비스형상권,소매외식형상권,이동여가형상권,pop_20g_pop,pop_30g_pop,pop_40g_pop,pop_50g_pop,pop_60g_pop,pop_70g_pop,pop_80g_pop,pop_90g_pop,pop_100g_pop,공유차량 이용건수,blck_nm,lon,lat
2021,화성동탄7-2(1-5)(7단지 능동),Z49,국민임대,1,0,0,0,210000,206621.276,3905976.234,1,0,0,145,925,291,199.0,196.0,334.0,215.0,167.0,107.0,48.0,6.0,0,366,화성동탄7-2(1-5)(7단지 능동),127.06112783617262,37.21126821107472
2021,화성동탄5-2(4-6)(5단지 새강),Z50,국민임대,1,0,0,0,200000,169258.2999,2556677.571,0,1,0,97,580,282,296.0,365.0,618.0,432.0,375.0,236.0,95.0,0.0,0,506,화성동탄5-2(4-6)(5단지 새강),127.06917850910293,37.19352199242703
2021,화성봉담(2단지 동화)(국임),Z38,국민임대,1,0,0,0,160000,52475.33746,1091817.45,0,1,0,135,603,258,143.0,165.0,311.0,289.0,246.0,160.0,73.0,0.0,0,277,화성봉담(2단지 동화)(국임),126.96073759786272,37.21866582016575
2021,화성향남(5단지 한우물)(국임),Z28,국민임대,1,0,0,0,80000,72892.16781,1092472.835,0,1,0,133,1161,198,185.0,251.0,373.0,338.0,249.0,76.0,31.0,0.0,0,83,화성향남(5단지 한우물)(국임),126.91563525782476,37.124382456748776
2021,화성향남(5단지 한우물)(국임),Z28,국민임대,1,0,0,0,80000,72892.16781,1092472.835,0,1,0,133,1161,198,185.0,251.0,373.0,338.0,249.0,76.0,31.0,0.0,0,83,화성향남(5단지 한우물)(국임),126.91563525782476,37.124382456748776
2021,화성향남(5단지 한우물)(국임),Z28,국민임대,1,0,0,0,170000,72892.16781,1092472.835,0,1,0,133,1161,198,185.0,251.0,373.0,338.0,249.0,76.0,31.0,0.0,0,83,화성향남(5단지 한우물)(국임),126.91563525782476,37.124382456748776
2021,화성향남(5단지 한우물)(국임),Z28,국민임대,1,0,0,0,170000,72892.16781,1092472.835,0,1,0,133,1161,198,185.0,251.0,373.0,338.0,249.0,76.0,31.0,0.0,0,83,화성향남(5단지 한우물)(국임),126.91563525782476,37.124382456748776
2021,화성향남(6단지 한우물)(국임),Z27,국민임대,1,0,0,0,160000,102324.1756,1385752.969,0,1,0,99,983,204,276.0,345.0,555.0,393.0,284.0,151.0,53.0,0.0,0,89,화성향남(6단지 한우물)(국임),126.91848914458268,37.124146320662334
2021,화성향남(6단지 한우물)(국임),Z27,국민임대,1,0,0,0,160000,102324.1756,1385752.969,0,1,0,99,983,204,276.0,345.0,555.0,393.0,284.0,151.0,53.0,0.0,0,89,화성향남(6단지 한우물)(국임),126.91848914458268,37.124146320662334
2021,화성향남(6단지 한우물)(국임),Z27,국민임대,1,0,0,0,80000,102324.1756,1385752.969,0,1,0,99,983,204,276.0,345.0,555.0,393.0,284.0,151.0,53.0,0.0,0,89,화성향남(6단지 한우물)(국임),126.91848914458268,37.124146320662334
2021,화성향남(6단지 한우물)(국임),Z27,국민임대,1,0,0,0,80000,102324.1756,1385752.969,0,1,0,99,983,204,276.0,345.0,555.0,393.0,284.0,151.0,53.0,0.0,0,89,화성향남(6단지 한우물)(국임),126.91848914458268,37.124146320662334
2021,화성동탄2 A24블럭(4단지)(국임/영구),Z54,국민임대,1,0,0,0,310000,71258.40175,1977625.477,1,0,0,46,672,212,118.8891,327.12516,284.6133,234.1755,260.11494,214.72091999999998,97.99343999999999,4.32324,0,896,화성동탄2 A24블럭(4단지)(국임/영구),127.12159671867512,37.206008562740415
2021,화성동탄2 A24블럭(4단지)(국임/영구),Z54,국민임대,1,0,0,0,310000,71258.40175,1977625.477,1,0,0,46,672,212,118.8891,327.12516,284.6133,234.1755,260.11494,214.72091999999998,97.99343999999999,4.32324,0,896,화성동탄2 A24블럭(4단지)(국임/영구),127.12159671867512,37.206008562740415
2021,화성동탄2 A24블럭(4단지)(국임/영구),Z54,국민임대,1,0,0,0,310000,71258.40175,1977625.477,1,0,0,46,672,212,118.8891,327.12516,284.6133,234.1755,260.11494,214.72091999999998,97.99343999999999,4.32324,0,896,화성동탄2 A24블럭(4단지)(국임/영구),127.12159671867512,37.206008562740415
2021,화성동탄2 A24블럭(4단지)(국임/영구),Z54,국민임대,1,0,0,0,240000,71258.40175,1977625.477,1,0,0,46,672,212,118.8891,327.12516,284.6133,234.1755,260.11494,214.72091999999998,97.99343999999999,4.32324,0,896,화성동탄2 A24블럭(4단지)(국임/영구),127.12159671867512,37.206008562740415
2021,화성동탄2 A24블럭(4단지)(국임/영구),Z54,국민임대,1,0,0,0,240000,71258.40175,1977625.477,1,0,0,46,672,212,118.8891,327.12516,284.6133,234.1755,260.11494,214.72091999999998,97.99343999999999,4.32324,0,896,화성동탄2 A24블럭(4단지)(국임/영구),127.12159671867512,37.206008562740415
2021,화성동탄2 A24블럭(4단지)(국임/영구),Z54,국민임대,1,0,0,0,240000,71258.40175,1977625.477,1,0,0,46,672,212,118.8891,327.12516,284.6133,234.1755,260.11494,214.72091999999998,97.99343999999999,4.32324,0,896,화성동탄2 A24블럭(4단지)(국임/영구),127.12159671867512,37.206008562740415
2021,화성동탄2 A24블럭(4단지)(국임/영구),Z54,영구임대,0,0,1,0,70000,71258.40175,1977625.477,1,0,0,46,672,212,46.11090000000001,126.87484000000002,110.38670000000002,90.82450000000001,100.88506000000001,83.27908000000001,38.00656000000001,1.6767600000000003,0,896,화성동탄2 A24블럭(4단지)(국임/영구),127.12159671867512,37.206008562740415
2021,화성동탄2 A24블럭(4단지)(국임/영구),Z54,영구임대,0,0,1,0,70000,71258.40175,1977625.477,1,0,0,46,672,212,46.11090000000001,126.87484000000002,110.38670000000002,90.82450000000001,100.88506000000001,83.27908000000001,38.00656000000001,1.6767600000000003,0,896,화성동탄2 A24블럭(4단지)(국임/영구),127.12159671867512,37.206008562740415
2021,화성동탄2 A24블럭(4단지)(국임/영구),Z54,영구임대,0,0,1,0,70000,71258.40175,1977625.477,1,0,0,46,672,212,46.11090000000001,126.87484000000002,110.38670000000002,90.82450000000001,100.88506000000001,83.27908000000001,38.00656000000001,1.6767600000000003,0,896,화성동탄2 A24블럭(4단지)(국임/영구),127.12159671867512,37.206008562740415
2021,화성동탄2 A65블럭(26단지 레이크빌),Z69,공공임대,0,1,0,0,700000,83283.79688,1530881.631,0,0,1,17,264,43,236.0,374.0,576.0,319.0,205.0,68.0,0.0,0.0,0,400,화성동탄2 A65블럭(26단지 레이크빌),127.10363603424877,37.176328174895865
2021,화성남양뉴타운(LH4단지)(국임),Z32,국민임대,1,0,0,0,230000,46902.15063,1247541.041,0,0,1,57,326,58,138.0,208.0,195.0,216.0,305.0,102.0,46.0,0.0,0,68,화성남양뉴타운(LH4단지)(국임),126.8297874487212,37.21002761493576
2021,화성남양뉴타운(LH4단지)(국임),Z32,국민임대,1,0,0,0,230000,46902.15063,1247541.041,0,0,1,57,326,58,138.0,208.0,195.0,216.0,305.0,102.0,46.0,0.0,0,68,화성남양뉴타운(LH4단지)(국임),126.8297874487212,37.21002761493576
2021,화성남양뉴타운(LH4단지)(국임),Z32,국민임대,1,0,0,0,140000,46902.15063,1247541.041,0,0,1,57,326,58,138.0,208.0,195.0,216.0,305.0,102.0,46.0,0.0,0,68,화성남양뉴타운(LH4단지)(국임),126.8297874487212,37.21002761493576
2021,화성남양뉴타운(LH4단지)(국임),Z32,국민임대,1,0,0,0,140000,46902.15063,1247541.041,0,0,1,57,326,58,138.0,208.0,195.0,216.0,305.0,102.0,46.0,0.0,0,68,화성남양뉴타운(LH4단지)(국임),126.8297874487212,37.21002761493576
2021,화성향남2(5단지 서봉)(국임),Z24,국민임대,1,0,0,0,240000,48876.08825,1374799.871,0,1,0,14,381,46,217.0,497.0,375.0,254.0,170.0,72.0,14.0,0.0,0,255,화성향남2(5단지 서봉)(국임),126.90622137455452,37.11549960103785
2021,화성향남2(5단지 서봉)(국임),Z24,국민임대,1,0,0,0,240000,48876.08825,1374799.871,0,1,0,14,381,46,217.0,497.0,375.0,254.0,170.0,72.0,14.0,0.0,0,255,화성향남2(5단지 서봉)(국임),126.90622137455452,37.11549960103785
2021,화성향남2(5단지 서봉)(국임),Z24,국민임대,1,0,0,0,160000,48876.08825,1374799.871,0,1,0,14,381,46,217.0,497.0,375.0,254.0,170.0,72.0,14.0,0.0,0,255,화성향남2(5단지 서봉)(국임),126.90622137455452,37.11549960103785
2021,화성향남2(5단지 서봉)(국임),Z24,국민임대,1,0,0,0,160000,48876.08825,1374799.871,0,1,0,14,381,46,217.0,497.0,375.0,254.0,170.0,72.0,14.0,0.0,0,255,화성향남2(5단지 서봉)(국임),126.90622137455452,37.11549960103785
2021,(NHF제3호)화성동탄2 A50블럭(22단지 르파비스),Z70,공공임대,0,1,0,0,690000,78704.69765,1191757.039,1,0,0,10,71,33,201.0,542.0,471.0,212.0,198.0,40.0,0.0,0.0,0,488,(NHF제3호)화성동탄2 A50블럭(22단지 르파비스),127.12640625930578,37.18369051479117
2021,(NHF제3호)화성동탄2 A50블럭(22단지 르파비스),Z70,공공임대,0,1,0,0,690000,78704.69765,1191757.039,1,0,0,10,71,33,201.0,542.0,471.0,212.0,198.0,40.0,0.0,0.0,0,488,(NHF제3호)화성동탄2 A50블럭(22단지 르파비스),127.12640625930578,37.18369051479117
2021,(NHF제3호)화성동탄2 A50블럭(22단지 르파비스),Z70,공공임대,0,1,0,0,450000,78704.69765,1191757.039,1,0,0,10,71,33,201.0,542.0,471.0,212.0,198.0,40.0,0.0,0.0,0,488,(NHF제3호)화성동탄2 A50블럭(22단지 르파비스),127.12640625930578,37.18369051479117
2021,(NHF제3호)화성동탄2 A50블럭(22단지 르파비스),Z70,공공임대,0,1,0,0,450000,78704.69765,1191757.039,1,0,0,10,71,33,201.0,542.0,471.0,212.0,198.0,40.0,0.0,0.0,0,488,(NHF제3호)화성동탄2 A50블럭(22단지 르파비스),127.12640625930578,37.18369051479117
2021,(NHF제3호)화성동탄2 A69블럭(24단지 스타힐스),Z65,공공임대,0,1,0,0,690000,94293.29365,1369700.39,0,1,0,16,211,51,200.0,513.0,610.0,257.0,146.0,33.0,0.0,0.0,0,567,(NHF제3호)화성동탄2 A69블럭(24단지 스타힐스),127.1181879835962,37.17306946117509
2021,화성남양뉴타운(LH9단지)(국임),Z31,국민임대,1,0,0,0,250000,29154.79752,800375.8966,1,0,0,23,183,32,88.0,211.0,182.0,153.0,205.0,64.0,19.0,0.0,0,291,화성남양뉴타운(LH9단지)(국임),126.83389536488892,37.20902784398266
2021,화성남양뉴타운(LH9단지)(국임),Z31,국민임대,1,0,0,0,250000,29154.79752,800375.8966,1,0,0,23,183,32,88.0,211.0,182.0,153.0,205.0,64.0,19.0,0.0,0,291,화성남양뉴타운(LH9단지)(국임),126.83389536488892,37.20902784398266
2021,화성남양뉴타운(LH9단지)(국임),Z31,국민임대,1,0,0,0,150000,29154.79752,800375.8966,1,0,0,23,183,32,88.0,211.0,182.0,153.0,205.0,64.0,19.0,0.0,0,291,화성남양뉴타운(LH9단지)(국임),126.83389536488892,37.20902784398266
2021,화성남양뉴타운(LH9단지)(국임),Z31,국민임대,1,0,0,0,150000,29154.79752,800375.8966,1,0,0,23,183,32,88.0,211.0,182.0,153.0,205.0,64.0,19.0,0.0,0,291,화성남양뉴타운(LH9단지)(국임),126.83389536488892,37.20902784398266
2021,화성향남2(18단지 언덕)(국임),Z23,국민임대,1,0,0,0,140000,18935.02843,529150.4194,0,0,1,11,99,7,157.0,384.0,295.0,197.0,157.0,68.0,6.0,0.0,0,246,화성향남2(18단지 언덕)(국임),126.89633801266328,37.09737740735296
2021,화성향남2(18단지 언덕)(국임),Z23,국민임대,1,0,0,0,140000,18935.02843,529150.4194,0,0,1,11,99,7,157.0,384.0,295.0,197.0,157.0,68.0,6.0,0.0,0,246,화성향남2(18단지 언덕)(국임),126.89633801266328,37.09737740735296
2021,화성향남2(18단지 언덕)(국임),Z23,국민임대,1,0,0,0,220000,18935.02843,529150.4194,0,0,1,11,99,7,157.0,384.0,295.0,197.0,157.0,68.0,6.0,0.0,0,246,화성향남2(18단지 언덕)(국임),126.89633801266328,37.09737740735296
2021,화성향남2(18단지 언덕)(국임),Z23,국민임대,1,0,0,0,220000,18935.02843,529150.4194,0,0,1,11,99,7,157.0,384.0,295.0,197.0,157.0,68.0,6.0,0.0,0,246,화성향남2(18단지 언덕)(국임),126.89633801266328,37.09737740735296
2021,화성동탄2 C26블럭(26단지)(행복),Z14,행복주택,0,0,0,1,120000,209069.3535,4742382.923,0,0,1,15,145,18,197.0,341.0,8.0,0.0,0.0,6.0,0.0,0.0,0,353,화성동탄2 C26블럭(26단지)(행복),127.09138249064644,37.185810629208376
2021,화성동탄2 C26블럭(26단지)(행복),Z14,행복주택,0,0,0,1,120000,209069.3535,4742382.923,0,0,1,15,145,18,197.0,341.0,8.0,0.0,0.0,6.0,0.0,0.0,0,353,화성동탄2 C26블럭(26단지)(행복),127.09138249064644,37.185810629208376
2021,화성동탄2 C26블럭(26단지)(행복),Z14,행복주택,0,0,0,1,230000,209069.3535,4742382.923,0,0,1,15,145,18,197.0,341.0,8.0,0.0,0.0,6.0,0.0,0.0,0,353,화성동탄2 C26블럭(26단지)(행복),127.09138249064644,37.185810629208376
2021,화성동탄2 C26블럭(26단지)(행복),Z14,행복주택,0,0,0,1,230000,209069.3535,4742382.923,0,0,1,15,145,18,197.0,341.0,8.0,0.0,0.0,6.0,0.0,0.0,0,353,화성동탄2 C26블럭(26단지)(행복),127.09138249064644,37.185810629208376
2021,화성봉담2(LH3단지)(국임),Z34,국민임대,1,0,0,0,150000,96074.94799,1690782.578,0,0,1,77,475,199,205.0,285.0,297.0,354.0,392.0,258.0,63.0,0.0,0,491,화성봉담2(LH3단지)(국임),126.95216236841328,37.22511370196941
2021,화성봉담2(LH3단지)(국임),Z34,국민임대,1,0,0,0,150000,96074.94799,1690782.578,0,0,1,77,475,199,205.0,285.0,297.0,354.0,392.0,258.0,63.0,0.0,0,491,화성봉담2(LH3단지)(국임),126.95216236841328,37.22511370196941
2021,화성봉담2(LH3단지)(국임),Z34,국민임대,1,0,0,0,230000,96074.94799,1690782.578,0,0,1,77,475,199,205.0,285.0,297.0,354.0,392.0,258.0,63.0,0.0,0,491,화성봉담2(LH3단지)(국임),126.95216236841328,37.22511370196941
2021,화성봉담2(LH3단지)(국임),Z34,국민임대,1,0,0,0,230000,96074.94799,1690782.578,0,0,1,77,475,199,205.0,285.0,297.0,354.0,392.0,258.0,63.0,0.0,0,491,화성봉담2(LH3단지)(국임),126.95216236841328,37.22511370196941
2021,화성봉담2(LH2단지)(국임),Z35,국민임대,1,0,0,0,150000,61807.57989,1035192.524,1,0,0,58,376,86,117.0,244.0,208.0,225.0,225.0,116.0,44.0,0.0,0,532,화성봉담2(LH2단지)(국임),126.94385201364334,37.22174695633284
2021,화성봉담2(LH2단지)(국임),Z35,국민임대,1,0,0,0,150000,61807.57989,1035192.524,1,0,0,58,376,86,117.0,244.0,208.0,225.0,225.0,116.0,44.0,0.0,0,532,화성봉담2(LH2단지)(국임),126.94385201364334,37.22174695633284
2021,화성봉담2(LH2단지)(국임),Z35,국민임대,1,0,0,0,230000,61807.57989,1035192.524,1,0,0,58,376,86,117.0,244.0,208.0,225.0,225.0,116.0,44.0,0.0,0,532,화성봉담2(LH2단지)(국임),126.94385201364334,37.22174695633284
2021,화성봉담2(LH2단지)(국임),Z35,국민임대,1,0,0,0,230000,61807.57989,1035192.524,1,0,0,58,376,86,117.0,244.0,208.0,225.0,225.0,116.0,44.0,0.0,0,532,화성봉담2(LH2단지)(국임),126.94385201364334,37.22174695633284
2021,(NHF제8호)화성동탄2 A48블럭(22단지 경남아너스빌),Z71,공공임대,0,1,0,0,670000,58829.46376,996763.675,1,0,0,8,63,34,223.0,639.0,721.0,340.0,266.0,69.0,0.0,0.0,0,396,(NHF제8호)화성동탄2 A48블럭(22단지 경남아너스빌),127.12744277544502,37.1863544034649
2021,(NHF제8호)화성동탄2 A48블럭(22단지 경남아너스빌),Z71,공공임대,0,1,0,0,670000,58829.46376,996763.675,1,0,0,8,63,34,223.0,639.0,721.0,340.0,266.0,69.0,0.0,0.0,0,396,(NHF제8호)화성동탄2 A48블럭(22단지 경남아너스빌),127.12744277544502,37.1863544034649
2021,(NHF제8호)화성동탄2 A48블럭(22단지 경남아너스빌),Z71,공공임대,0,1,0,0,460000,58829.46376,996763.675,1,0,0,8,63,34,223.0,639.0,721.0,340.0,266.0,69.0,0.0,0.0,0,396,(NHF제8호)화성동탄2 A48블럭(22단지 경남아너스빌),127.12744277544502,37.1863544034649
2021,(NHF제8호)화성동탄2 A48블럭(22단지 경남아너스빌),Z71,공공임대,0,1,0,0,460000,58829.46376,996763.675,1,0,0,8,63,34,223.0,639.0,721.0,340.0,266.0,69.0,0.0,0.0,0,396,(NHF제8호)화성동탄2 A48블럭(22단지 경남아너스빌),127.12744277544502,37.1863544034649
2021,화성동탄2 A6블럭(1단지)(국민),Z51,국민임대,1,0,0,0,150000,12379.05451,373541.76,1,0,0,9,117,30,106.0,273.0,196.0,168.0,162.0,86.0,30.0,0.0,0,289,화성동탄2 A6블럭(1단지)(국민),127.1151604984168,37.21752896396176
2021,화성동탄2 A6블럭(1단지)(국민),Z51,국민임대,1,0,0,0,150000,12379.05451,373541.76,1,0,0,9,117,30,106.0,273.0,196.0,168.0,162.0,86.0,30.0,0.0,0,289,화성동탄2 A6블럭(1단지)(국민),127.1151604984168,37.21752896396176
2021,화성동탄2 A6블럭(1단지)(국민),Z51,국민임대,1,0,0,0,230000,12379.05451,373541.76,1,0,0,9,117,30,106.0,273.0,196.0,168.0,162.0,86.0,30.0,0.0,0,289,화성동탄2 A6블럭(1단지)(국민),127.1151604984168,37.21752896396176
2021,화성동탄2 A6블럭(1단지)(국민),Z51,국민임대,1,0,0,0,230000,12379.05451,373541.76,1,0,0,9,117,30,106.0,273.0,196.0,168.0,162.0,86.0,30.0,0.0,0,289,화성동탄2 A6블럭(1단지)(국민),127.1151604984168,37.21752896396176
2021,(NHF제10호)화성동탄2 A83블럭(28단지 엘크루),Z62,공공임대,0,1,0,0,450000,54601.00583,1185726.406,0,0,1,8,66,7,213.0,511.0,414.0,259.0,164.0,31.0,0.0,0.0,0,394,(NHF제10호)화성동탄2 A83블럭(28단지 엘크루),127.09405138517886,37.16197945258353
2021,(NHF제10호)화성동탄2 A83블럭(28단지 엘크루),Z62,공공임대,0,1,0,0,450000,54601.00583,1185726.406,0,0,1,8,66,7,213.0,511.0,414.0,259.0,164.0,31.0,0.0,0.0,0,394,(NHF제10호)화성동탄2 A83블럭(28단지 엘크루),127.09405138517886,37.16197945258353
2021,(NHF제10호)화성동탄2 A83블럭(28단지 엘크루),Z62,공공임대,0,1,0,0,680000,54601.00583,1185726.406,0,0,1,8,66,7,213.0,511.0,414.0,259.0,164.0,31.0,0.0,0.0,0,394,(NHF제10호)화성동탄2 A83블럭(28단지 엘크루),127.09405138517886,37.16197945258353
2021,(NHF제10호)화성동탄2 A83블럭(28단지 엘크루),Z62,공공임대,0,1,0,0,680000,54601.00583,1185726.406,0,0,1,8,66,7,213.0,511.0,414.0,259.0,164.0,31.0,0.0,0.0,0,394,(NHF제10호)화성동탄2 A83블럭(28단지 엘크루),127.09405138517886,37.16197945258353
2021,"화성봉담2(LH4단지)(행복,임대상가)",Z10,행복주택,0,0,0,1,90000,52132.38857,1032406.216,0,0,1,71,318,91,191.0,280.0,29.0,0.0,0.0,7.0,0.0,0.0,0,868,"화성봉담2(LH4단지)(행복,임대상가)",126.95125788128516,37.22901327183224
2021,"화성봉담2(LH4단지)(행복,임대상가)",Z10,행복주택,0,0,0,1,90000,52132.38857,1032406.216,0,0,1,71,318,91,191.0,280.0,29.0,0.0,0.0,7.0,0.0,0.0,0,868,"화성봉담2(LH4단지)(행복,임대상가)",126.95125788128516,37.22901327183224
2021,"화성봉담2(LH4단지)(행복,임대상가)",Z10,행복주택,0,0,0,1,170000,52132.38857,1032406.216,0,0,1,71,318,91,191.0,280.0,29.0,0.0,0.0,7.0,0.0,0.0,0,868,"화성봉담2(LH4단지)(행복,임대상가)",126.95125788128516,37.22901327183224
2021,"화성봉담2(LH4단지)(행복,임대상가)",Z10,행복주택,0,0,0,1,170000,52132.38857,1032406.216,0,0,1,71,318,91,191.0,280.0,29.0,0.0,0.0,7.0,0.0,0.0,0,868,"화성봉담2(LH4단지)(행복,임대상가)",126.95125788128516,37.22901327183224
2021,(NHF제12호)화성동탄2 A63블럭(23단지 센트럴써밋),Z66,공공임대,0,1,0,0,460000,74762.44164,1154417.738,0,0,1,13,150,44,130.0,472.0,232.0,159.0,143.0,6.0,0.0,0.0,0,365,(NHF제12호)화성동탄2 A63블럭(23단지 센트럴써밋),127.12351804383636,37.17570625725826
2021,화성동탄2 A82블럭(28단지)(행복),Z17,행복주택,0,0,0,1,100000,54130.81835,1195763.968,1,0,0,10,159,13,226.0,469.0,51.0,0.0,0.0,0.0,0.0,0.0,0,823,화성동탄2 A82블럭(28단지)(행복),127.09468424817597,37.16370186920907
2021,화성동탄2 A82블럭(28단지)(행복),Z17,행복주택,0,0,0,1,100000,54130.81835,1195763.968,1,0,0,10,159,13,226.0,469.0,51.0,0.0,0.0,0.0,0.0,0.0,0,823,화성동탄2 A82블럭(28단지)(행복),127.09468424817597,37.16370186920907
2021,화성동탄2 A82블럭(28단지)(행복),Z17,행복주택,0,0,0,1,190000,54130.81835,1195763.968,1,0,0,10,159,13,226.0,469.0,51.0,0.0,0.0,0.0,0.0,0.0,0,823,화성동탄2 A82블럭(28단지)(행복),127.09468424817597,37.16370186920907
2021,화성동탄2 A82블럭(28단지)(행복),Z17,행복주택,0,0,0,1,190000,54130.81835,1195763.968,1,0,0,10,159,13,226.0,469.0,51.0,0.0,0.0,0.0,0.0,0.0,0,823,화성동탄2 A82블럭(28단지)(행복),127.09468424817597,37.16370186920907
2021,"화성남양뉴타운(LH10단지)(국임,임대상가)",Z30,국민임대,1,0,0,0,140000,29410.97598,848907.4776,1,0,0,18,183,37,142.0,281.0,227.0,213.0,175.0,67.0,25.0,0.0,0,238,"화성남양뉴타운(LH10단지)(국임,임대상가)",126.83465134528905,37.20697819840025
2021,"화성남양뉴타운(LH10단지)(국임,임대상가)",Z30,국민임대,1,0,0,0,140000,29410.97598,848907.4776,1,0,0,18,183,37,142.0,281.0,227.0,213.0,175.0,67.0,25.0,0.0,0,238,"화성남양뉴타운(LH10단지)(국임,임대상가)",126.83465134528905,37.20697819840025
2021,"화성남양뉴타운(LH10단지)(국임,임대상가)",Z30,국민임대,1,0,0,0,220000,29410.97598,848907.4776,1,0,0,18,183,37,142.0,281.0,227.0,213.0,175.0,67.0,25.0,0.0,0,238,"화성남양뉴타운(LH10단지)(국임,임대상가)",126.83465134528905,37.20697819840025
2021,"화성남양뉴타운(LH10단지)(국임,임대상가)",Z30,국민임대,1,0,0,0,220000,29410.97598,848907.4776,1,0,0,18,183,37,142.0,281.0,227.0,213.0,175.0,67.0,25.0,0.0,0,238,"화성남양뉴타운(LH10단지)(국임,임대상가)",126.83465134528905,37.20697819840025
2021,"화성발안(1단지)(행복,임대상가)",Z1,행복주택,0,0,0,1,90000,30342.16932,819828.12,1,0,0,16,110,4,102.0,142.0,37.0,21.0,8.0,0.0,0.0,0.0,0,172,"화성발안(1단지)(행복,임대상가)",126.90977873809642,37.08762840985505
2021,"화성발안(1단지)(행복,임대상가)",Z1,행복주택,0,0,0,1,90000,30342.16932,819828.12,1,0,0,16,110,4,102.0,142.0,37.0,21.0,8.0,0.0,0.0,0.0,0,172,"화성발안(1단지)(행복,임대상가)",126.90977873809642,37.08762840985505
2021,"화성발안(1단지)(행복,임대상가)",Z1,행복주택,0,0,0,1,160000,30342.16932,819828.12,1,0,0,16,110,4,102.0,142.0,37.0,21.0,8.0,0.0,0.0,0.0,0,172,"화성발안(1단지)(행복,임대상가)",126.90977873809642,37.08762840985505
2021,"화성발안(1단지)(행복,임대상가)",Z1,행복주택,0,0,0,1,160000,30342.16932,819828.12,1,0,0,16,110,4,102.0,142.0,37.0,21.0,8.0,0.0,0.0,0.0,0,172,"화성발안(1단지)(행복,임대상가)",126.90977873809642,37.08762840985505
2021,화성동탄2 A77-1블럭(35단지)(행복),Z18,행복주택,0,0,0,1,120000,45875.49929,712042.374,1,0,0,10,126,41,291.0,443.0,44.0,0.0,21.0,15.0,0.0,0.0,0,532,화성동탄2 A77-1블럭(35단지)(행복),127.1217664388396,37.16627733421841
2021,화성동탄2 A77-1블럭(35단지)(행복),Z18,행복주택,0,0,0,1,120000,45875.49929,712042.374,1,0,0,10,126,41,291.0,443.0,44.0,0.0,21.0,15.0,0.0,0.0,0,532,화성동탄2 A77-1블럭(35단지)(행복),127.1217664388396,37.16627733421841
2021,화성동탄2 A77-1블럭(35단지)(행복),Z18,행복주택,0,0,0,1,180000,45875.49929,712042.374,1,0,0,10,126,41,291.0,443.0,44.0,0.0,21.0,15.0,0.0,0.0,0,532,화성동탄2 A77-1블럭(35단지)(행복),127.1217664388396,37.16627733421841
2021,화성동탄2 A77-1블럭(35단지)(행복),Z18,행복주택,0,0,0,1,180000,45875.49929,712042.374,1,0,0,10,126,41,291.0,443.0,44.0,0.0,21.0,15.0,0.0,0.0,0,532,화성동탄2 A77-1블럭(35단지)(행복),127.1217664388396,37.16627733421841
2021,화성동탄2 A77-2블럭(35단지)(국임/영구),Z52,영구임대,0,0,1,0,60000,52711.96437,673367.1616,0,0,1,24,244,80,76.07475,125.37118799999999,87.33381299999999,70.901667,78.813441,38.037375,4.868784,0.0,0,131,화성동탄2 A77-2블럭(35단지)(국임/영구),127.12129858835809,37.16432178281929
2021,화성동탄2 A77-2블럭(35단지)(국임/영구),Z52,영구임대,0,0,1,0,60000,52711.96437,673367.1616,0,0,1,24,244,80,76.07475,125.37118799999999,87.33381299999999,70.901667,78.813441,38.037375,4.868784,0.0,0,131,화성동탄2 A77-2블럭(35단지)(국임/영구),127.12129858835809,37.16432178281929
2021,화성동탄2 A77-2블럭(35단지)(국임/영구),Z52,영구임대,0,0,1,0,60000,52711.96437,673367.1616,0,0,1,24,244,80,76.07475,125.37118799999999,87.33381299999999,70.901667,78.813441,38.037375,4.868784,0.0,0,131,화성동탄2 A77-2블럭(35단지)(국임/영구),127.12129858835809,37.16432178281929
2021,화성동탄2 A77-2블럭(35단지)(국임/영구),Z52,국민임대,1,0,0,0,250000,52711.96437,673367.1616,0,0,1,24,244,80,76.07475,125.37118799999999,87.33381299999999,70.901667,78.813441,38.037375,4.868784,0.0,0,131,화성동탄2 A77-2블럭(35단지)(국임/영구),127.12129858835809,37.16432178281929
2021,화성동탄2 A77-2블럭(35단지)(국임/영구),Z52,국민임대,1,0,0,0,250000,52711.96437,673367.1616,0,0,1,24,244,80,76.07475,125.37118799999999,87.33381299999999,70.901667,78.813441,38.037375,4.868784,0.0,0,131,화성동탄2 A77-2블럭(35단지)(국임/영구),127.12129858835809,37.16432178281929
2021,화성동탄2 A77-2블럭(35단지)(국임/영구),Z52,국민임대,1,0,0,0,250000,52711.96437,673367.1616,0,0,1,24,244,80,76.07475,125.37118799999999,87.33381299999999,70.901667,78.813441,38.037375,4.868784,0.0,0,131,화성동탄2 A77-2블럭(35단지)(국임/영구),127.12129858835809,37.16432178281929
2021,화성동탄2 A77-2블럭(35단지)(국임/영구),Z52,국민임대,1,0,0,0,170000,52711.96437,673367.1616,0,0,1,24,244,80,173.92525,286.628812,199.666187,162.098333,180.18655900000002,86.962625,11.131216,0.0,0,131,화성동탄2 A77-2블럭(35단지)(국임/영구),127.12129858835809,37.16432178281929
2021,화성동탄2 A77-2블럭(35단지)(국임/영구),Z52,국민임대,1,0,0,0,170000,52711.96437,673367.1616,0,0,1,24,244,80,173.92525,286.628812,199.666187,162.098333,180.18655900000002,86.962625,11.131216,0.0,0,131,화성동탄2 A77-2블럭(35단지)(국임/영구),127.12129858835809,37.16432178281929
2021,화성동탄2 A77-2블럭(35단지)(국임/영구),Z52,국민임대,1,0,0,0,170000,52711.96437,673367.1616,0,0,1,24,244,80,173.92525,286.628812,199.666187,162.098333,180.18655900000002,86.962625,11.131216,0.0,0,131,화성동탄2 A77-2블럭(35단지)(국임/영구),127.12129858835809,37.16432178281929
2021,화성동탄2 A4-1블럭(2단지)(행복),Z16,행복주택,0,0,0,1,230000,104184.4832,2502001.336,0,1,0,37,323,66,681.0,761.0,76.0,9.0,27.0,32.0,20.0,0.0,0,1932,화성동탄2 A4-1블럭(2단지)(행복),127.10541141946956,37.21355361504911
2021,화성동탄2 A4-1블럭(2단지)(행복),Z16,행복주택,0,0,0,1,230000,104184.4832,2502001.336,0,1,0,37,323,66,681.0,761.0,76.0,9.0,27.0,32.0,20.0,0.0,0,1932,화성동탄2 A4-1블럭(2단지)(행복),127.10541141946956,37.21355361504911
2021,화성동탄2 A4-1블럭(2단지)(행복),Z16,행복주택,0,0,0,1,120000,104184.4832,2502001.336,0,1,0,37,323,66,681.0,761.0,76.0,9.0,27.0,32.0,20.0,0.0,0,1932,화성동탄2 A4-1블럭(2단지)(행복),127.10541141946956,37.21355361504911
2021,화성동탄2 A4-1블럭(2단지)(행복),Z16,행복주택,0,0,0,1,120000,104184.4832,2502001.336,0,1,0,37,323,66,681.0,761.0,76.0,9.0,27.0,32.0,20.0,0.0,0,1932,화성동탄2 A4-1블럭(2단지)(행복),127.10541141946956,37.21355361504911
2022,화성동탄7-2(1-5)(7단지 능동),Z49,국민임대,1,0,0,0,210000,83566.0,2419131.0,1,0,0,163,886,312,199.0,191.0,302.0,247.0,169.0,118.0,59.0,0.0,0,418,화성동탄7-2(1-5)(7단지 능동),127.06112783617262,37.21126821107472
2022,화성동탄5-2(4-6)(5단지 새강),Z50,국민임대,1,0,0,0,200000,67004.0,1630235.0,0,1,0,122,578,310,322.0,335.0,596.0,461.0,388.0,271.0,107.0,0.0,0,375,화성동탄5-2(4-6)(5단지 새강),127.06917850910293,37.19352199242703
2022,화성봉담(2단지 동화)(국임),Z38,국민임대,1,0,0,0,160000,21240.0,660241.0,0,1,0,132,538,213,144.0,160.0,297.0,284.0,280.0,159.0,90.0,0.0,0,331,화성봉담(2단지 동화)(국임),126.96073759786272,37.21866582016575
2022,화성향남(5단지 한우물)(국임),Z28,국민임대,1,0,0,0,80000,33480.0,763127.0,0,1,0,143,1003,216,150.0,234.0,349.0,351.0,275.0,96.0,35.0,0.0,0,55,화성향남(5단지 한우물)(국임),126.91563525782476,37.124382456748776
2022,화성향남(5단지 한우물)(국임),Z28,국민임대,1,0,0,0,80000,33480.0,763127.0,0,1,0,143,1003,216,150.0,234.0,349.0,351.0,275.0,96.0,35.0,0.0,0,55,화성향남(5단지 한우물)(국임),126.91563525782476,37.124382456748776
2022,화성향남(5단지 한우물)(국임),Z28,국민임대,1,0,0,0,170000,33480.0,763127.0,0,1,0,143,1003,216,150.0,234.0,349.0,351.0,275.0,96.0,35.0,0.0,0,55,화성향남(5단지 한우물)(국임),126.91563525782476,37.124382456748776
2022,화성향남(5단지 한우물)(국임),Z28,국민임대,1,0,0,0,170000,33480.0,763127.0,0,1,0,143,1003,216,150.0,234.0,349.0,351.0,275.0,96.0,35.0,0.0,0,55,화성향남(5단지 한우물)(국임),126.91563525782476,37.124382456748776
2022,화성향남(6단지 한우물)(국임),Z27,국민임대,1,0,0,0,160000,48430.0,945921.0,0,1,0,104,854,220,296.0,335.0,536.0,417.0,313.0,159.0,49.0,0.0,0,68,화성향남(6단지 한우물)(국임),126.91848914458268,37.124146320662334
2022,화성향남(6단지 한우물)(국임),Z27,국민임대,1,0,0,0,160000,48430.0,945921.0,0,1,0,104,854,220,296.0,335.0,536.0,417.0,313.0,159.0,49.0,0.0,0,68,화성향남(6단지 한우물)(국임),126.91848914458268,37.124146320662334
2022,화성향남(6단지 한우물)(국임),Z27,국민임대,1,0,0,0,80000,48430.0,945921.0,0,1,0,104,854,220,296.0,335.0,536.0,417.0,313.0,159.0,49.0,0.0,0,68,화성향남(6단지 한우물)(국임),126.91848914458268,37.124146320662334
2022,화성향남(6단지 한우물)(국임),Z27,국민임대,1,0,0,0,80000,48430.0,945921.0,0,1,0,104,854,220,296.0,335.0,536.0,417.0,313.0,159.0,49.0,0.0,0,68,화성향남(6단지 한우물)(국임),126.91848914458268,37.124146320662334
2022,화성동탄2 A24블럭(4단지)(국임/영구),Z54,국민임대,1,0,0,0,310000,30626.0,1318457.0,1,0,0,76,758,292,115.28639999999999,342.25649999999996,280.29006,234.1755,294.70086,211.11821999999998,92.94966,4.32324,0,558,화성동탄2 A24블럭(4단지)(국임/영구),127.12159671867512,37.206008562740415
2022,화성동탄2 A24블럭(4단지)(국임/영구),Z54,국민임대,1,0,0,0,310000,30626.0,1318457.0,1,0,0,76,758,292,115.28639999999999,342.25649999999996,280.29006,234.1755,294.70086,211.11821999999998,92.94966,4.32324,0,558,화성동탄2 A24블럭(4단지)(국임/영구),127.12159671867512,37.206008562740415
2022,화성동탄2 A24블럭(4단지)(국임/영구),Z54,국민임대,1,0,0,0,310000,30626.0,1318457.0,1,0,0,76,758,292,115.28639999999999,342.25649999999996,280.29006,234.1755,294.70086,211.11821999999998,92.94966,4.32324,0,558,화성동탄2 A24블럭(4단지)(국임/영구),127.12159671867512,37.206008562740415
2022,화성동탄2 A24블럭(4단지)(국임/영구),Z54,국민임대,1,0,0,0,240000,30626.0,1318457.0,1,0,0,76,758,292,115.28639999999999,342.25649999999996,280.29006,234.1755,294.70086,211.11821999999998,92.94966,4.32324,0,558,화성동탄2 A24블럭(4단지)(국임/영구),127.12159671867512,37.206008562740415
2022,화성동탄2 A24블럭(4단지)(국임/영구),Z54,국민임대,1,0,0,0,240000,30626.0,1318457.0,1,0,0,76,758,292,115.28639999999999,342.25649999999996,280.29006,234.1755,294.70086,211.11821999999998,92.94966,4.32324,0,558,화성동탄2 A24블럭(4단지)(국임/영구),127.12159671867512,37.206008562740415
2022,화성동탄2 A24블럭(4단지)(국임/영구),Z54,국민임대,1,0,0,0,240000,30626.0,1318457.0,1,0,0,76,758,292,115.28639999999999,342.25649999999996,280.29006,234.1755,294.70086,211.11821999999998,92.94966,4.32324,0,558,화성동탄2 A24블럭(4단지)(국임/영구),127.12159671867512,37.206008562740415
2022,화성동탄2 A24블럭(4단지)(국임/영구),Z54,영구임대,0,0,1,0,70000,30626.0,1318457.0,1,0,0,76,758,292,44.71360000000001,132.7435,108.70994000000002,90.82450000000001,114.29914000000002,81.88178,36.050340000000006,1.6767600000000003,0,558,화성동탄2 A24블럭(4단지)(국임/영구),127.12159671867512,37.206008562740415
2022,화성동탄2 A24블럭(4단지)(국임/영구),Z54,영구임대,0,0,1,0,70000,30626.0,1318457.0,1,0,0,76,758,292,44.71360000000001,132.7435,108.70994000000002,90.82450000000001,114.29914000000002,81.88178,36.050340000000006,1.6767600000000003,0,558,화성동탄2 A24블럭(4단지)(국임/영구),127.12159671867512,37.206008562740415
2022,화성동탄2 A24블럭(4단지)(국임/영구),Z54,영구임대,0,0,1,0,70000,30626.0,1318457.0,1,0,0,76,758,292,44.71360000000001,132.7435,108.70994000000002,90.82450000000001,114.29914000000002,81.88178,36.050340000000006,1.6767600000000003,0,558,화성동탄2 A24블럭(4단지)(국임/영구),127.12159671867512,37.206008562740415
2022,화성동탄2 A65블럭(26단지 레이크빌),Z69,공공임대,0,1,0,0,700000,34870.0,864799.0,0,0,1,29,333,80,223.0,330.0,598.0,344.0,222.0,75.0,0.0,0.0,0,279,화성동탄2 A65블럭(26단지 레이크빌),127.10363603424877,37.176328174895865
2022,화성향남2(5단지 서봉)(국임),Z24,국민임대,1,0,0,0,240000,23361.0,1039060.0,0,1,0,28,361,60,191.0,479.0,400.0,239.0,184.0,81.0,8.0,0.0,0,121,화성향남2(5단지 서봉)(국임),126.90622137455452,37.11549960103785
2022,화성향남2(5단지 서봉)(국임),Z24,국민임대,1,0,0,0,240000,23361.0,1039060.0,0,1,0,28,361,60,191.0,479.0,400.0,239.0,184.0,81.0,8.0,0.0,0,121,화성향남2(5단지 서봉)(국임),126.90622137455452,37.11549960103785
2022,화성향남2(5단지 서봉)(국임),Z24,국민임대,1,0,0,0,160000,23361.0,1039060.0,0,1,0,28,361,60,191.0,479.0,400.0,239.0,184.0,81.0,8.0,0.0,0,121,화성향남2(5단지 서봉)(국임),126.90622137455452,37.11549960103785
2022,화성향남2(5단지 서봉)(국임),Z24,국민임대,1,0,0,0,160000,23361.0,1039060.0,0,1,0,28,361,60,191.0,479.0,400.0,239.0,184.0,81.0,8.0,0.0,0,121,화성향남2(5단지 서봉)(국임),126.90622137455452,37.11549960103785
2022,(NHF제3호)화성동탄2 A50블럭(22단지 르파비스),Z70,공공임대,0,1,0,0,690000,33525.0,654454.0,1,0,0,22,108,74,180.0,487.0,486.0,227.0,207.0,49.0,0.0,0.0,0,478,(NHF제3호)화성동탄2 A50블럭(22단지 르파비스),127.12640625930578,37.18369051479117
2022,(NHF제3호)화성동탄2 A50블럭(22단지 르파비스),Z70,공공임대,0,1,0,0,690000,33525.0,654454.0,1,0,0,22,108,74,180.0,487.0,486.0,227.0,207.0,49.0,0.0,0.0,0,478,(NHF제3호)화성동탄2 A50블럭(22단지 르파비스),127.12640625930578,37.18369051479117
2022,(NHF제3호)화성동탄2 A50블럭(22단지 르파비스),Z70,공공임대,0,1,0,0,450000,33525.0,654454.0,1,0,0,22,108,74,180.0,487.0,486.0,227.0,207.0,49.0,0.0,0.0,0,478,(NHF제3호)화성동탄2 A50블럭(22단지 르파비스),127.12640625930578,37.18369051479117
2022,(NHF제3호)화성동탄2 A50블럭(22단지 르파비스),Z70,공공임대,0,1,0,0,450000,33525.0,654454.0,1,0,0,22,108,74,180.0,487.0,486.0,227.0,207.0,49.0,0.0,0.0,0,478,(NHF제3호)화성동탄2 A50블럭(22단지 르파비스),127.12640625930578,37.18369051479117
2022,(NHF제3호)화성동탄2 A69블럭(24단지 스타힐스),Z65,공공임대,0,1,0,0,690000,46942.0,1064925.0,0,1,0,30,301,123,197.0,432.0,654.0,285.0,156.0,39.0,0.0,0.0,0,459,(NHF제3호)화성동탄2 A69블럭(24단지 스타힐스),127.1181879835962,37.17306946117509
2022,화성남양뉴타운(LH9단지)(국임),Z31,국민임대,1,0,0,0,250000,14264.0,489638.0,1,0,0,39,254,40,68.0,194.0,188.0,146.0,201.0,83.0,13.0,0.0,0,382,화성남양뉴타운(LH9단지)(국임),126.83389536488892,37.20902784398266
2022,화성남양뉴타운(LH9단지)(국임),Z31,국민임대,1,0,0,0,250000,14264.0,489638.0,1,0,0,39,254,40,68.0,194.0,188.0,146.0,201.0,83.0,13.0,0.0,0,382,화성남양뉴타운(LH9단지)(국임),126.83389536488892,37.20902784398266
2022,화성남양뉴타운(LH9단지)(국임),Z31,국민임대,1,0,0,0,150000,14264.0,489638.0,1,0,0,39,254,40,68.0,194.0,188.0,146.0,201.0,83.0,13.0,0.0,0,382,화성남양뉴타운(LH9단지)(국임),126.83389536488892,37.20902784398266
2022,화성남양뉴타운(LH9단지)(국임),Z31,국민임대,1,0,0,0,150000,14264.0,489638.0,1,0,0,39,254,40,68.0,194.0,188.0,146.0,201.0,83.0,13.0,0.0,0,382,화성남양뉴타운(LH9단지)(국임),126.83389536488892,37.20902784398266
2022,화성향남2(18단지 언덕)(국임),Z23,국민임대,1,0,0,0,140000,10491.0,498802.0,0,0,1,12,92,14,127.0,378.0,264.0,199.0,162.0,74.0,13.0,0.0,0,165,화성향남2(18단지 언덕)(국임),126.89633801266328,37.09737740735296
2022,화성향남2(18단지 언덕)(국임),Z23,국민임대,1,0,0,0,140000,10491.0,498802.0,0,0,1,12,92,14,127.0,378.0,264.0,199.0,162.0,74.0,13.0,0.0,0,165,화성향남2(18단지 언덕)(국임),126.89633801266328,37.09737740735296
2022,화성향남2(18단지 언덕)(국임),Z23,국민임대,1,0,0,0,220000,10491.0,498802.0,0,0,1,12,92,14,127.0,378.0,264.0,199.0,162.0,74.0,13.0,0.0,0,165,화성향남2(18단지 언덕)(국임),126.89633801266328,37.09737740735296
2022,화성향남2(18단지 언덕)(국임),Z23,국민임대,1,0,0,0,220000,10491.0,498802.0,0,0,1,12,92,14,127.0,378.0,264.0,199.0,162.0,74.0,13.0,0.0,0,165,화성향남2(18단지 언덕)(국임),126.89633801266328,37.09737740735296
2022,화성동탄2 C26블럭(26단지)(행복),Z14,행복주택,0,0,0,1,120000,111649.0,3538316.0,0,0,1,25,172,42,202.0,362.0,11.0,0.0,0.0,7.0,0.0,0.0,0,312,화성동탄2 C26블럭(26단지)(행복),127.09138249064644,37.185810629208376
2022,화성동탄2 C26블럭(26단지)(행복),Z14,행복주택,0,0,0,1,120000,111649.0,3538316.0,0,0,1,25,172,42,202.0,362.0,11.0,0.0,0.0,7.0,0.0,0.0,0,312,화성동탄2 C26블럭(26단지)(행복),127.09138249064644,37.185810629208376
2022,화성동탄2 C26블럭(26단지)(행복),Z14,행복주택,0,0,0,1,230000,111649.0,3538316.0,0,0,1,25,172,42,202.0,362.0,11.0,0.0,0.0,7.0,0.0,0.0,0,312,화성동탄2 C26블럭(26단지)(행복),127.09138249064644,37.185810629208376
2022,화성동탄2 C26블럭(26단지)(행복),Z14,행복주택,0,0,0,1,230000,111649.0,3538316.0,0,0,1,25,172,42,202.0,362.0,11.0,0.0,0.0,7.0,0.0,0.0,0,312,화성동탄2 C26블럭(26단지)(행복),127.09138249064644,37.185810629208376
2022,화성봉담2(LH3단지)(국임),Z34,국민임대,1,0,0,0,150000,58108.0,1615038.0,0,0,1,80,469,160,182.0,291.0,289.0,356.0,405.0,280.0,85.0,0.0,0,622,화성봉담2(LH3단지)(국임),126.95216236841328,37.22511370196941
2022,화성봉담2(LH3단지)(국임),Z34,국민임대,1,0,0,0,150000,58108.0,1615038.0,0,0,1,80,469,160,182.0,291.0,289.0,356.0,405.0,280.0,85.0,0.0,0,622,화성봉담2(LH3단지)(국임),126.95216236841328,37.22511370196941
2022,화성봉담2(LH3단지)(국임),Z34,국민임대,1,0,0,0,230000,58108.0,1615038.0,0,0,1,63,469,160,182.0,291.0,289.0,356.0,405.0,280.0,85.0,0.0,0,622,화성봉담2(LH3단지)(국임),126.95216236841328,37.22511370196941
2022,화성봉담2(LH3단지)(국임),Z34,국민임대,1,0,0,0,230000,58108.0,1615038.0,0,0,1,63,469,160,182.0,291.0,289.0,356.0,405.0,280.0,85.0,0.0,0,622,화성봉담2(LH3단지)(국임),126.95216236841328,37.22511370196941
2022,화성봉담2(LH2단지)(국임),Z35,국민임대,1,0,0,0,150000,44865.0,975405.0,1,0,0,63,374,96,128.0,267.0,279.0,275.0,253.0,143.0,42.0,0.0,0,323,화성봉담2(LH2단지)(국임),126.94385201364334,37.22174695633284
2022,화성봉담2(LH2단지)(국임),Z35,국민임대,1,0,0,0,150000,44865.0,975405.0,1,0,0,63,374,96,128.0,267.0,279.0,275.0,253.0,143.0,42.0,0.0,0,323,화성봉담2(LH2단지)(국임),126.94385201364334,37.22174695633284
2022,화성봉담2(LH2단지)(국임),Z35,국민임대,1,0,0,0,230000,44865.0,975405.0,1,0,0,17,374,96,128.0,267.0,279.0,275.0,253.0,143.0,42.0,0.0,0,323,화성봉담2(LH2단지)(국임),126.94385201364334,37.22174695633284
2022,화성봉담2(LH2단지)(국임),Z35,국민임대,1,0,0,0,230000,44865.0,975405.0,1,0,0,17,374,96,128.0,267.0,279.0,275.0,253.0,143.0,42.0,0.0,0,323,화성봉담2(LH2단지)(국임),126.94385201364334,37.22174695633284
2022,(NHF제8호)화성동탄2 A48블럭(22단지 경남아너스빌),Z71,공공임대,0,1,0,0,670000,25639.0,526043.0,1,0,0,17,100,76,219.0,570.0,752.0,368.0,282.0,82.0,19.0,0.0,0,369,(NHF제8호)화성동탄2 A48블럭(22단지 경남아너스빌),127.12744277544502,37.1863544034649
2022,(NHF제8호)화성동탄2 A48블럭(22단지 경남아너스빌),Z71,공공임대,0,1,0,0,670000,25639.0,526043.0,1,0,0,17,100,76,219.0,570.0,752.0,368.0,282.0,82.0,19.0,0.0,0,369,(NHF제8호)화성동탄2 A48블럭(22단지 경남아너스빌),127.12744277544502,37.1863544034649
2022,(NHF제8호)화성동탄2 A48블럭(22단지 경남아너스빌),Z71,공공임대,0,1,0,0,460000,25639.0,526043.0,1,0,0,16,100,76,219.0,570.0,752.0,368.0,282.0,82.0,19.0,0.0,0,369,(NHF제8호)화성동탄2 A48블럭(22단지 경남아너스빌),127.12744277544502,37.1863544034649
2022,(NHF제8호)화성동탄2 A48블럭(22단지 경남아너스빌),Z71,공공임대,0,1,0,0,460000,25639.0,526043.0,1,0,0,16,100,76,219.0,570.0,752.0,368.0,282.0,82.0,19.0,0.0,0,369,(NHF제8호)화성동탄2 A48블럭(22단지 경남아너스빌),127.12744277544502,37.1863544034649
2022,화성동탄2 A6블럭(1단지)(국민),Z51,국민임대,1,0,0,0,150000,8172.0,383108.0,1,0,0,16,137,54,87.0,245.0,195.0,169.0,167.0,97.0,42.0,0.0,0,164,화성동탄2 A6블럭(1단지)(국민),127.1151604984168,37.21752896396176
2022,화성동탄2 A6블럭(1단지)(국민),Z51,국민임대,1,0,0,0,150000,8172.0,383108.0,1,0,0,16,137,54,87.0,245.0,195.0,169.0,167.0,97.0,42.0,0.0,0,164,화성동탄2 A6블럭(1단지)(국민),127.1151604984168,37.21752896396176
2022,화성동탄2 A6블럭(1단지)(국민),Z51,국민임대,1,0,0,0,230000,8172.0,383108.0,1,0,0,14,137,54,87.0,245.0,195.0,169.0,167.0,97.0,42.0,0.0,0,164,화성동탄2 A6블럭(1단지)(국민),127.1151604984168,37.21752896396176
2022,화성동탄2 A6블럭(1단지)(국민),Z51,국민임대,1,0,0,0,230000,8172.0,383108.0,1,0,0,14,137,54,87.0,245.0,195.0,169.0,167.0,97.0,42.0,0.0,0,164,화성동탄2 A6블럭(1단지)(국민),127.1151604984168,37.21752896396176
2022,(NHF제10호)화성동탄2 A83블럭(28단지 엘크루),Z62,공공임대,0,1,0,0,450000,31116.0,974334.0,0,0,1,20,96,43,188.0,478.0,443.0,264.0,183.0,30.0,0.0,0.0,0,333,(NHF제10호)화성동탄2 A83블럭(28단지 엘크루),127.09405138517886,37.16197945258353
2022,(NHF제10호)화성동탄2 A83블럭(28단지 엘크루),Z62,공공임대,0,1,0,0,450000,31116.0,974334.0,0,0,1,20,96,43,188.0,478.0,443.0,264.0,183.0,30.0,0.0,0.0,0,333,(NHF제10호)화성동탄2 A83블럭(28단지 엘크루),127.09405138517886,37.16197945258353
2022,(NHF제10호)화성동탄2 A83블럭(28단지 엘크루),Z62,공공임대,0,1,0,0,680000,31116.0,974334.0,0,0,1,23,96,43,188.0,478.0,443.0,264.0,183.0,30.0,0.0,0.0,0,333,(NHF제10호)화성동탄2 A83블럭(28단지 엘크루),127.09405138517886,37.16197945258353
2022,(NHF제10호)화성동탄2 A83블럭(28단지 엘크루),Z62,공공임대,0,1,0,0,680000,31116.0,974334.0,0,0,1,23,96,43,188.0,478.0,443.0,264.0,183.0,30.0,0.0,0.0,0,333,(NHF제10호)화성동탄2 A83블럭(28단지 엘크루),127.09405138517886,37.16197945258353
2022,"화성봉담2(LH4단지)(행복,임대상가)",Z10,행복주택,0,0,0,1,90000,29342.0,1022340.0,0,0,1,79,325,97,166.0,260.0,37.0,0.0,0.0,7.0,0.0,0.0,0,450,"화성봉담2(LH4단지)(행복,임대상가)",126.95125788128516,37.22901327183224
2022,"화성봉담2(LH4단지)(행복,임대상가)",Z10,행복주택,0,0,0,1,90000,29342.0,1022340.0,0,0,1,79,325,97,166.0,260.0,37.0,0.0,0.0,7.0,0.0,0.0,0,450,"화성봉담2(LH4단지)(행복,임대상가)",126.95125788128516,37.22901327183224
2022,"화성봉담2(LH4단지)(행복,임대상가)",Z10,행복주택,0,0,0,1,170000,29342.0,1022340.0,0,0,1,53,325,97,166.0,260.0,37.0,0.0,0.0,7.0,0.0,0.0,0,450,"화성봉담2(LH4단지)(행복,임대상가)",126.95125788128516,37.22901327183224
2022,"화성봉담2(LH4단지)(행복,임대상가)",Z10,행복주택,0,0,0,1,170000,29342.0,1022340.0,0,0,1,53,325,97,166.0,260.0,37.0,0.0,0.0,7.0,0.0,0.0,0,450,"화성봉담2(LH4단지)(행복,임대상가)",126.95125788128516,37.22901327183224
2022,(NHF제12호)화성동탄2 A63블럭(23단지 센트럴써밋),Z66,공공임대,0,1,0,0,460000,40584.0,859183.0,0,0,1,14,202,100,99.0,470.0,237.0,157.0,146.0,19.0,0.0,0.0,0,358,(NHF제12호)화성동탄2 A63블럭(23단지 센트럴써밋),127.12351804383636,37.17570625725826
2022,화성동탄2 A82블럭(28단지)(행복),Z17,행복주택,0,0,0,1,100000,29432.0,947601.0,1,0,0,24,205,58,180.0,503.0,57.0,0.0,6.0,0.0,0.0,0.0,0,559,화성동탄2 A82블럭(28단지)(행복),127.09468424817597,37.16370186920907
2022,화성동탄2 A82블럭(28단지)(행복),Z17,행복주택,0,0,0,1,100000,29432.0,947601.0,1,0,0,24,205,58,180.0,503.0,57.0,0.0,6.0,0.0,0.0,0.0,0,559,화성동탄2 A82블럭(28단지)(행복),127.09468424817597,37.16370186920907
2022,화성동탄2 A82블럭(28단지)(행복),Z17,행복주택,0,0,0,1,190000,29432.0,947601.0,1,0,0,32,205,58,180.0,503.0,57.0,0.0,6.0,0.0,0.0,0.0,0,559,화성동탄2 A82블럭(28단지)(행복),127.09468424817597,37.16370186920907
2022,화성동탄2 A82블럭(28단지)(행복),Z17,행복주택,0,0,0,1,190000,29432.0,947601.0,1,0,0,32,205,58,180.0,503.0,57.0,0.0,6.0,0.0,0.0,0.0,0,559,화성동탄2 A82블럭(28단지)(행복),127.09468424817597,37.16370186920907
2022,"화성남양뉴타운(LH10단지)(국임,임대상가)",Z30,국민임대,1,0,0,0,140000,14508.0,520072.0,1,0,0,32,250,44,128.0,265.0,216.0,215.0,186.0,67.0,12.0,0.0,0,299,"화성남양뉴타운(LH10단지)(국임,임대상가)",126.83465134528905,37.20697819840025
2022,"화성남양뉴타운(LH10단지)(국임,임대상가)",Z30,국민임대,1,0,0,0,140000,14508.0,520072.0,1,0,0,32,250,44,128.0,265.0,216.0,215.0,186.0,67.0,12.0,0.0,0,299,"화성남양뉴타운(LH10단지)(국임,임대상가)",126.83465134528905,37.20697819840025
2022,"화성남양뉴타운(LH10단지)(국임,임대상가)",Z30,국민임대,1,0,0,0,220000,14508.0,520072.0,1,0,0,46,250,44,128.0,265.0,216.0,215.0,186.0,67.0,12.0,0.0,0,299,"화성남양뉴타운(LH10단지)(국임,임대상가)",126.83465134528905,37.20697819840025
2022,"화성남양뉴타운(LH10단지)(국임,임대상가)",Z30,국민임대,1,0,0,0,220000,14508.0,520072.0,1,0,0,46,250,44,128.0,265.0,216.0,215.0,186.0,67.0,12.0,0.0,0,299,"화성남양뉴타운(LH10단지)(국임,임대상가)",126.83465134528905,37.20697819840025
2022,"화성발안(1단지)(행복,임대상가)",Z1,행복주택,0,0,0,1,90000,16579.0,704131.0,1,0,0,18,89,3,89.0,149.0,34.0,33.0,9.0,0.0,0.0,0.0,0,284,"화성발안(1단지)(행복,임대상가)",126.90977873809642,37.08762840985505
2022,"화성발안(1단지)(행복,임대상가)",Z1,행복주택,0,0,0,1,90000,16579.0,704131.0,1,0,0,18,89,3,89.0,149.0,34.0,33.0,9.0,0.0,0.0,0.0,0,284,"화성발안(1단지)(행복,임대상가)",126.90977873809642,37.08762840985505
2022,"화성발안(1단지)(행복,임대상가)",Z1,행복주택,0,0,0,1,160000,16579.0,704131.0,1,0,0,20,89,3,89.0,149.0,34.0,33.0,9.0,0.0,0.0,0.0,0,284,"화성발안(1단지)(행복,임대상가)",126.90977873809642,37.08762840985505
2022,"화성발안(1단지)(행복,임대상가)",Z1,행복주택,0,0,0,1,160000,16579.0,704131.0,1,0,0,20,89,3,89.0,149.0,34.0,33.0,9.0,0.0,0.0,0.0,0,284,"화성발안(1단지)(행복,임대상가)",126.90977873809642,37.08762840985505
2022,화성동탄2 A77-1블럭(35단지)(행복),Z18,행복주택,0,0,0,1,120000,22547.0,464671.0,1,0,0,21,177,96,232.0,477.0,48.0,0.0,23.0,23.0,7.0,0.0,0,614,화성동탄2 A77-1블럭(35단지)(행복),127.1217664388396,37.16627733421841
2022,화성동탄2 A77-1블럭(35단지)(행복),Z18,행복주택,0,0,0,1,120000,22547.0,464671.0,1,0,0,21,177,96,232.0,477.0,48.0,0.0,23.0,23.0,7.0,0.0,0,614,화성동탄2 A77-1블럭(35단지)(행복),127.1217664388396,37.16627733421841
2022,화성동탄2 A77-1블럭(35단지)(행복),Z18,행복주택,0,0,0,1,180000,22547.0,464671.0,1,0,0,46,177,96,232.0,477.0,48.0,0.0,23.0,23.0,7.0,0.0,0,614,화성동탄2 A77-1블럭(35단지)(행복),127.1217664388396,37.16627733421841
2022,화성동탄2 A77-1블럭(35단지)(행복),Z18,행복주택,0,0,0,1,180000,22547.0,464671.0,1,0,0,46,177,96,232.0,477.0,48.0,0.0,23.0,23.0,7.0,0.0,0,614,화성동탄2 A77-1블럭(35단지)(행복),127.1217664388396,37.16627733421841
2022,화성동탄2 A77-2블럭(35단지)(국임/영구),Z52,영구임대,0,0,1,0,60000,22953.0,420140.0,0,0,1,46,344,198,95.245587,160.061274,100.72296899999999,88.551009,89.768205,42.601859999999995,9.737568,0.0,0,278,화성동탄2 A77-2블럭(35단지)(국임/영구),127.12129858835809,37.16432178281929
2022,화성동탄2 A77-2블럭(35단지)(국임/영구),Z52,영구임대,0,0,1,0,60000,22953.0,420140.0,0,0,1,46,344,198,95.245587,160.061274,100.72296899999999,88.551009,89.768205,42.601859999999995,9.737568,0.0,0,278,화성동탄2 A77-2블럭(35단지)(국임/영구),127.12129858835809,37.16432178281929
2022,화성동탄2 A77-2블럭(35단지)(국임/영구),Z52,영구임대,0,0,1,0,60000,22953.0,420140.0,0,0,1,46,344,198,95.245587,160.061274,100.72296899999999,88.551009,89.768205,42.601859999999995,9.737568,0.0,0,278,화성동탄2 A77-2블럭(35단지)(국임/영구),127.12129858835809,37.16432178281929
2022,화성동탄2 A77-2블럭(35단지)(국임/영구),Z52,국민임대,1,0,0,0,250000,22953.0,420140.0,0,0,1,46,344,198,217.754413,365.93872600000003,230.277031,202.448991,205.231795,97.39814,22.262432,0.0,0,278,화성동탄2 A77-2블럭(35단지)(국임/영구),127.12129858835809,37.16432178281929
2022,화성동탄2 A77-2블럭(35단지)(국임/영구),Z52,국민임대,1,0,0,0,250000,22953.0,420140.0,0,0,1,46,344,198,217.754413,365.93872600000003,230.277031,202.448991,205.231795,97.39814,22.262432,0.0,0,278,화성동탄2 A77-2블럭(35단지)(국임/영구),127.12129858835809,37.16432178281929
2022,화성동탄2 A77-2블럭(35단지)(국임/영구),Z52,국민임대,1,0,0,0,250000,22953.0,420140.0,0,0,1,46,344,198,217.754413,365.93872600000003,230.277031,202.448991,205.231795,97.39814,22.262432,0.0,0,278,화성동탄2 A77-2블럭(35단지)(국임/영구),127.12129858835809,37.16432178281929
2022,화성동탄2 A77-2블럭(35단지)(국임/영구),Z52,국민임대,1,0,0,0,170000,22953.0,420140.0,0,0,1,73,344,198,217.754413,365.93872600000003,230.277031,202.448991,205.231795,97.39814,22.262432,0.0,0,278,화성동탄2 A77-2블럭(35단지)(국임/영구),127.12129858835809,37.16432178281929
2022,화성동탄2 A77-2블럭(35단지)(국임/영구),Z52,국민임대,1,0,0,0,170000,22953.0,420140.0,0,0,1,73,344,198,217.754413,365.93872600000003,230.277031,202.448991,205.231795,97.39814,22.262432,0.0,0,278,화성동탄2 A77-2블럭(35단지)(국임/영구),127.12129858835809,37.16432178281929
2022,화성동탄2 A77-2블럭(35단지)(국임/영구),Z52,국민임대,1,0,0,0,170000,22953.0,420140.0,0,0,1,73,344,198,217.754413,365.93872600000003,230.277031,202.448991,205.231795,97.39814,22.262432,0.0,0,278,화성동탄2 A77-2블럭(35단지)(국임/영구),127.12129858835809,37.16432178281929
2022,화성동탄2 A4-1블럭(2단지)(행복),Z16,행복주택,0,0,0,1,230000,51045.0,1372625.0,0,1,0,73,427,115,576.0,855.0,92.0,17.0,26.0,48.0,19.0,0.0,0,2176,화성동탄2 A4-1블럭(2단지)(행복),127.10541141946956,37.21355361504911
2022,화성동탄2 A4-1블럭(2단지)(행복),Z16,행복주택,0,0,0,1,230000,51045.0,1372625.0,0,1,0,73,427,115,576.0,855.0,92.0,17.0,26.0,48.0,19.0,0.0,0,2176,화성동탄2 A4-1블럭(2단지)(행복),127.10541141946956,37.21355361504911
2022,화성동탄2 A4-1블럭(2단지)(행복),Z16,행복주택,0,0,0,1,120000,51045.0,1372625.0,0,1,0,170,427,115,576.0,855.0,92.0,17.0,26.0,48.0,19.0,0.0,0,2176,화성동탄2 A4-1블럭(2단지)(행복),127.10541141946956,37.21355361504911
2022,화성동탄2 A4-1블럭(2단지)(행복),Z16,행복주택,0,0,0,1,120000,51045.0,1372625.0,0,1,0,170,427,115,576.0,855.0,92.0,17.0,26.0,48.0,19.0,0.0,0,2176,화성동탄2 A4-1블럭(2단지)(행복),127.10541141946956,37.21355361504911
2022,화성동탄2 A4-2블럭(2단지)(국임/영구),Z55,국민임대,1,0,0,0,270000,64373.0,1675998.0,0,1,0,170,950,308,0.0,0.0,0.0,0.0,0.0,0.0,0.0,0.0,0,196,화성동탄2 A4-2블럭(2단지)(국임/영구),127.10571159617744,37.21197316557042
2022,화성동탄2 A4-2블럭(2단지)(국임/영구),Z55,국민임대,1,0,0,0,270000,64373.0,1675998.0,0,1,0,170,950,308,0.0,0.0,0.0,0.0,0.0,0.0,0.0,0.0,0,196,화성동탄2 A4-2블럭(2단지)(국임/영구),127.10571159617744,37.21197316557042
2022,화성동탄2 A4-2블럭(2단지)(국임/영구),Z55,국민임대,1,0,0,0,270000,64373.0,1675998.0,0,1,0,170,950,308,0.0,0.0,0.0,0.0,0.0,0.0,0.0,0.0,0,196,화성동탄2 A4-2블럭(2단지)(국임/영구),127.10571159617744,37.21197316557042
2022,화성동탄2 A4-2블럭(2단지)(국임/영구),Z55,국민임대,1,0,0,0,180000,64373.0,1675998.0,0,1,0,170,950,308,0.0,0.0,0.0,0.0,0.0,0.0,0.0,0.0,0,196,화성동탄2 A4-2블럭(2단지)(국임/영구),127.10571159617744,37.21197316557042
2022,화성동탄2 A4-2블럭(2단지)(국임/영구),Z55,국민임대,1,0,0,0,180000,64373.0,1675998.0,0,1,0,170,950,308,0.0,0.0,0.0,0.0,0.0,0.0,0.0,0.0,0,196,화성동탄2 A4-2블럭(2단지)(국임/영구),127.10571159617744,37.21197316557042
2022,화성동탄2 A4-2블럭(2단지)(국임/영구),Z55,국민임대,1,0,0,0,180000,64373.0,1675998.0,0,1,0,170,950,308,0.0,0.0,0.0,0.0,0.0,0.0,0.0,0.0,0,196,화성동탄2 A4-2블럭(2단지)(국임/영구),127.10571159617744,37.21197316557042
2022,화성동탄2 A4-2블럭(2단지)(국임/영구),Z55,영구임대,0,0,1,0,90000,64373.0,1675998.0,0,1,0,131,950,308,0.0,0.0,0.0,0.0,0.0,0.0,0.0,0.0,0,196,화성동탄2 A4-2블럭(2단지)(국임/영구),127.10571159617744,37.21197316557042
2022,화성동탄2 A4-2블럭(2단지)(국임/영구),Z55,영구임대,0,0,1,0,90000,64373.0,1675998.0,0,1,0,131,950,308,0.0,0.0,0.0,0.0,0.0,0.0,0.0,0.0,0,196,화성동탄2 A4-2블럭(2단지)(국임/영구),127.10571159617744,37.21197316557042
2022,화성동탄2 A4-2블럭(2단지)(국임/영구),Z55,영구임대,0,0,1,0,90000,64373.0,1675998.0,0,1,0,131,950,308,0.0,0.0,0.0,0.0,0.0,0.0,0.0,0.0,0,196,화성동탄2 A4-2블럭(2단지)(국임/영구),127.10571159617744,37.21197316557042
2022,화성비봉 A-2블록 행복주택,Z7,행복주택,0,0,0,1,140000,12051.0,981147.0,0,0,1,18,52,9,0.0,0.0,0.0,0.0,0.0,0.0,0.0,0.0,0,18,화성비봉 A-2블록 행복주택,126.87678294040715,37.24306207126628
2022,화성비봉 A-2블록 행복주택,Z7,행복주택,0,0,0,1,140000,12051.0,981147.0,0,0,1,18,52,9,0.0,0.0,0.0,0.0,0.0,0.0,0.0,0.0,0,18,화성비봉 A-2블록 행복주택,126.87678294040715,37.24306207126628
2022,화성비봉 A-2블록 행복주택,Z7,행복주택,0,0,0,1,70000,12051.0,981147.0,0,0,1,80,52,9,0.0,0.0,0.0,0.0,0.0,0.0,0.0,0.0,0,18,화성비봉 A-2블록 행복주택,126.87678294040715,37.24306207126628
2022,화성비봉 A-2블록 행복주택,Z7,행복주택,0,0,0,1,70000,12051.0,981147.0,0,0,1,80,52,9,0.0,0.0,0.0,0.0,0.0,0.0,0.0,0.0,0,18,화성비봉 A-2블록 행복주택,126.87678294040715,37.24306207126628
2022,화성비봉 A-1블록 국민영구임대주택,Z59,국민임대,1,0,0,0,140000,8256.0,783597.0,0,0,1,34,92,10,0.0,0.0,0.0,0.0,0.0,0.0,0.0,0.0,0,6,화성비봉 A-1블록 국민영구임대주택,126.8761718334125,37.24421545528951
2022,화성비봉 A-1블록 국민영구임대주택,Z59,국민임대,1,0,0,0,140000,8256.0,783597.0,0,0,1,34,92,10,0.0,0.0,0.0,0.0,0.0,0.0,0.0,0.0,0,6,화성비봉 A-1블록 국민영구임대주택,126.8761718334125,37.24421545528951
2022,화성비봉 A-1블록 국민영구임대주택,Z59,국민임대,1,0,0,0,140000,8256.0,783597.0,0,0,1,34,92,10,0.0,0.0,0.0,0.0,0.0,0.0,0.0,0.0,0,6,화성비봉 A-1블록 국민영구임대주택,126.8761718334125,37.24421545528951
2022,화성비봉 A-1블록 국민영구임대주택,Z59,국민임대,1,0,0,0,210000,8256.0,783597.0,0,0,1,34,92,10,0.0,0.0,0.0,0.0,0.0,0.0,0.0,0.0,0,6,화성비봉 A-1블록 국민영구임대주택,126.8761718334125,37.24421545528951
2022,화성비봉 A-1블록 국민영구임대주택,Z59,국민임대,1,0,0,0,210000,8256.0,783597.0,0,0,1,34,92,10,0.0,0.0,0.0,0.0,0.0,0.0,0.0,0.0,0,6,화성비봉 A-1블록 국민영구임대주택,126.8761718334125,37.24421545528951
2022,화성비봉 A-1블록 국민영구임대주택,Z59,국민임대,1,0,0,0,210000,8256.0,783597.0,0,0,1,34,92,10,0.0,0.0,0.0,0.0,0.0,0.0,0.0,0.0,0,6,화성비봉 A-1블록 국민영구임대주택,126.8761718334125,37.24421545528951
2022,화성비봉 A-1블록 국민영구임대주택,Z59,영구임대,0,0,1,0,80000,8256.0,783597.0,0,0,1,69,92,10,0.0,0.0,0.0,0.0,0.0,0.0,0.0,0.0,0,6,화성비봉 A-1블록 국민영구임대주택,126.8761718334125,37.24421545528951
2022,화성비봉 A-1블록 국민영구임대주택,Z59,영구임대,0,0,1,0,80000,8256.0,783597.0,0,0,1,69,92,10,0.0,0.0,0.0,0.0,0.0,0.0,0.0,0.0,0,6,화성비봉 A-1블록 국민영구임대주택,126.8761718334125,37.24421545528951
2022,화성비봉 A-1블록 국민영구임대주택,Z59,영구임대,0,0,1,0,80000,8256.0,783597.0,0,0,1,69,92,10,0.0,0.0,0.0,0.0,0.0,0.0,0.0,0.0,0,6,화성비봉 A-1블록 국민영구임대주택,126.8761718334125,37.24421545528951
2021,하남풍산2,Q2,국민임대,1,0,0,0,230000,82748.26146,1392495.502,1,0,0,153,726,143,168.0,117.0,163.0,239.0,303.0,143.0,58.0,7.0,0,498,하남풍산2,127.20213097863233,37.551419566729294
2021,미사강변도시 A12블록(분납),Q5,공공임대,0,1,0,0,220000,188228.8962,2728571.052,0,1,0,43,861,73,168.0,171.0,595.0,261.0,229.0,102.0,25.0,0.0,0,60,미사강변도시 A12블록(분납),127.18844810353283,37.57074272066005
2021,하남미사 A13BL,Q7,영구임대,0,0,1,0,80000,165367.1638,2480454.576,0,0,1,92,1836,166,106.713274,158.389387,200.82261799999998,208.805107,294.511831,252.498731,112.595108,9.242882,0,210,하남미사 A13BL,127.18869626701157,37.568623475672574
2021,하남미사 A13BL,Q7,영구임대,0,0,1,0,80000,165367.1638,2480454.576,0,0,1,92,1836,166,106.713274,158.389387,200.82261799999998,208.805107,294.511831,252.498731,112.595108,9.242882,0,210,하남미사 A13BL,127.18869626701157,37.568623475672574
2021,하남미사 A13BL,Q7,영구임대,0,0,1,0,80000,165367.1638,2480454.576,0,0,1,92,1836,166,106.713274,158.389387,200.82261799999998,208.805107,294.511831,252.498731,112.595108,9.242882,0,210,하남미사 A13BL,127.18869626701157,37.568623475672574
2021,하남미사 A13BL,Q7,국민임대,1,0,0,0,260000,165367.1638,2480454.576,0,0,1,92,1836,166,147.286726,218.610613,277.17738199999997,288.194893,406.48816899999997,348.501269,155.404892,12.757117999999998,0,210,하남미사 A13BL,127.18869626701157,37.568623475672574
2021,하남미사 A13BL,Q7,국민임대,1,0,0,0,260000,165367.1638,2480454.576,0,0,1,92,1836,166,147.286726,218.610613,277.17738199999997,288.194893,406.48816899999997,348.501269,155.404892,12.757117999999998,0,210,하남미사 A13BL,127.18869626701157,37.568623475672574
2021,하남미사 A13BL,Q7,국민임대,1,0,0,0,260000,165367.1638,2480454.576,0,0,1,92,1836,166,147.286726,218.610613,277.17738199999997,288.194893,406.48816899999997,348.501269,155.404892,12.757117999999998,0,210,하남미사 A13BL,127.18869626701157,37.568623475672574
2021,하남미사 A13BL,Q7,국민임대,1,0,0,0,190000,165367.1638,2480454.576,0,0,1,56,1836,166,147.286726,218.610613,277.17738199999997,288.194893,406.48816899999997,348.501269,155.404892,12.757117999999998,0,210,하남미사 A13BL,127.18869626701157,37.568623475672574
2021,하남미사 A13BL,Q7,국민임대,1,0,0,0,190000,165367.1638,2480454.576,0,0,1,56,1836,166,147.286726,218.610613,277.17738199999997,288.194893,406.48816899999997,348.501269,155.404892,12.757117999999998,0,210,하남미사 A13BL,127.18869626701157,37.568623475672574
2021,하남미사 A13BL,Q7,국민임대,1,0,0,0,190000,165367.1638,2480454.576,0,0,1,56,1836,166,147.286726,218.610613,277.17738199999997,288.194893,406.48816899999997,348.501269,155.404892,12.757117999999998,0,210,하남미사 A13BL,127.18869626701157,37.568623475672574
2021,미사강변 A29블록 10년 공임리츠,Q8,공공임대,0,1,0,0,490000,59920.85615,1265738.861,0,1,0,56,896,78,293.0,411.0,860.0,446.0,360.0,215.0,25.0,0.0,0,338,미사강변 A29블록 10년 공임리츠,127.19842868863653,37.561665827284266
2021,미사강변 A29블록 10년 공임리츠,Q8,공공임대,0,1,0,0,490000,59920.85615,1265738.861,0,1,0,56,896,78,293.0,411.0,860.0,446.0,360.0,215.0,25.0,0.0,0,338,미사강변 A29블록 10년 공임리츠,127.19842868863653,37.561665827284266
2021,미사강변 A29블록 10년 공임리츠,Q8,공공임대,0,1,0,0,770000,59920.85615,1265738.861,0,1,0,28,896,78,293.0,411.0,860.0,446.0,360.0,215.0,25.0,0.0,0,338,미사강변 A29블록 10년 공임리츠,127.19842868863653,37.561665827284266
2021,미사강변 A29블록 10년 공임리츠,Q8,공공임대,0,1,0,0,770000,59920.85615,1265738.861,0,1,0,28,896,78,293.0,411.0,860.0,446.0,360.0,215.0,25.0,0.0,0,338,미사강변 A29블록 10년 공임리츠,127.19842868863653,37.561665827284266
2021,하남미사 17단지,Q9,국민임대,1,0,0,0,260000,74638.95658,1338055.347,0,0,1,28,754,68,252.0,628.0,531.0,417.0,621.0,393.0,122.0,12.0,0,2087,하남미사 17단지,127.1812513190973,37.56522453084629
2021,하남미사 17단지,Q9,국민임대,1,0,0,0,260000,74638.95658,1338055.347,0,0,1,28,754,68,252.0,628.0,531.0,417.0,621.0,393.0,122.0,12.0,0,2087,하남미사 17단지,127.1812513190973,37.56522453084629
2021,하남미사 17단지,Q9,국민임대,1,0,0,0,210000,74638.95658,1338055.347,0,0,1,24,754,68,252.0,628.0,531.0,417.0,621.0,393.0,122.0,12.0,0,2087,하남미사 17단지,127.1812513190973,37.56522453084629
2021,하남미사 17단지,Q9,국민임대,1,0,0,0,210000,74638.95658,1338055.347,0,0,1,24,754,68,252.0,628.0,531.0,417.0,621.0,393.0,122.0,12.0,0,2087,하남미사 17단지,127.1812513190973,37.56522453084629
2021,(NHF제4호)하남미사A4,Q10,공공임대,0,1,0,0,760000,105178.644,1979998.668,0,0,1,24,512,51,231.0,375.0,781.0,333.0,318.0,148.0,9.0,0.0,0,476,(NHF제4호)하남미사A4,127.1806862125006,37.57270894203898
2021,(NHF제4호)하남미사A4,Q10,공공임대,0,1,0,0,760000,105178.644,1979998.668,0,0,1,24,512,51,231.0,375.0,781.0,333.0,318.0,148.0,9.0,0.0,0,476,(NHF제4호)하남미사A4,127.1806862125006,37.57270894203898
2021,(NHF제4호)하남미사A4,Q10,공공임대,0,1,0,0,500000,105178.644,1979998.668,0,0,1,65,512,51,231.0,375.0,781.0,333.0,318.0,148.0,9.0,0.0,0,476,(NHF제4호)하남미사A4,127.1806862125006,37.57270894203898
2021,(NHF제4호)하남미사A4,Q10,공공임대,0,1,0,0,500000,105178.644,1979998.668,0,0,1,65,512,51,231.0,375.0,781.0,333.0,318.0,148.0,9.0,0.0,0,476,(NHF제4호)하남미사A4,127.1806862125006,37.57270894203898
2021,미사강변도시 A24블록 10년 공임리츠,Q11,공공임대,0,1,0,0,750000,104501.9075,2064689.478,0,0,1,65,918,88,207.0,346.0,635.0,283.0,253.0,144.0,15.0,0.0,0,134,미사강변도시 A24블록 10년 공임리츠,127.19271495588944,37.55956970350168
2021,미사강변도시 A24블록 10년 공임리츠,Q11,공공임대,0,1,0,0,750000,104501.9075,2064689.478,0,0,1,65,918,88,207.0,346.0,635.0,283.0,253.0,144.0,15.0,0.0,0,134,미사강변도시 A24블록 10년 공임리츠,127.19271495588944,37.55956970350168
2021,미사강변도시 A24블록 10년 공임리츠,Q11,공공임대,0,1,0,0,500000,104501.9075,2064689.478,0,0,1,78,918,88,207.0,346.0,635.0,283.0,253.0,144.0,15.0,0.0,0,134,미사강변도시 A24블록 10년 공임리츠,127.19271495588944,37.55956970350168
2021,미사강변도시 A24블록 10년 공임리츠,Q11,공공임대,0,1,0,0,500000,104501.9075,2064689.478,0,0,1,78,918,88,207.0,346.0,635.0,283.0,253.0,144.0,15.0,0.0,0,134,미사강변도시 A24블록 10년 공임리츠,127.19271495588944,37.55956970350168
2021,미사강변도시 A25블록 10년 공임리츠,Q12,공공임대,0,1,0,0,760000,101377.4456,2042613.566,0,1,0,46,898,81,180.0,377.0,668.0,244.0,179.0,83.0,0.0,0.0,0,249,미사강변도시 A25블록 10년 공임리츠,127.19249839432958,37.55771019521943
2021,하남미사 A14블록,Q13,국민임대,1,0,0,0,240000,141713.9568,1953055.459,0,0,1,46,877,73,190.0,407.0,407.0,386.0,475.0,315.0,98.0,0.0,0,1016,하남미사 A14블록,127.19056215109411,37.57125390235706
2021,하남미사 A14블록,Q13,국민임대,1,0,0,0,240000,141713.9568,1953055.459,0,0,1,46,877,73,190.0,407.0,407.0,386.0,475.0,315.0,98.0,0.0,0,1016,하남미사 A14블록,127.19056215109411,37.57125390235706
2021,하남미사 A14블록,Q13,국민임대,1,0,0,0,160000,141713.9568,1953055.459,0,0,1,57,877,73,190.0,407.0,407.0,386.0,475.0,315.0,98.0,0.0,0,1016,하남미사 A14블록,127.19056215109411,37.57125390235706
2021,하남미사 A14블록,Q13,국민임대,1,0,0,0,160000,141713.9568,1953055.459,0,0,1,57,877,73,190.0,407.0,407.0,386.0,475.0,315.0,98.0,0.0,0,1016,하남미사 A14블록,127.19056215109411,37.57125390235706
2021,하남미사 C3BL 행복주택,Q14,행복주택,0,0,0,1,160000,85423.91306,1604555.752,0,1,0,57,886,83,396.0,1559.0,317.0,55.0,34.0,112.0,22.0,0.0,0,2248,하남미사 C3BL 행복주택,127.1969568167592,37.56348890456289
2021,하남미사 C3BL 행복주택,Q14,행복주택,0,0,0,1,160000,85423.91306,1604555.752,0,1,0,57,886,83,396.0,1559.0,317.0,55.0,34.0,112.0,22.0,0.0,0,2248,하남미사 C3BL 행복주택,127.1969568167592,37.56348890456289
2021,하남미사 C3BL 행복주택,Q14,행복주택,0,0,0,1,290000,85423.91306,1604555.752,0,1,0,46,886,83,396.0,1559.0,317.0,55.0,34.0,112.0,22.0,0.0,0,2248,하남미사 C3BL 행복주택,127.1969568167592,37.56348890456289
2021,하남미사 C3BL 행복주택,Q14,행복주택,0,0,0,1,290000,85423.91306,1604555.752,0,1,0,46,886,83,396.0,1559.0,317.0,55.0,34.0,112.0,22.0,0.0,0,2248,하남미사 C3BL 행복주택,127.1969568167592,37.56348890456289
2021,"하남감일 10단지(10년, 분납)B5블록",Q15,공공임대,0,1,0,0,730000,27136.12311,976443.2988,0,1,0,51,125,12,152.0,475.0,465.0,235.0,220.0,71.0,7.0,0.0,0,335,"하남감일 10단지(10년, 분납)B5블록",127.16171561534672,37.50845749292075
2021,하남감일 1단지(10년공임)A1블록,Q16,공공임대,0,1,0,0,550000,37480.71725,1678566.805,0,0,1,59,155,15,133.0,268.0,347.0,195.0,236.0,114.0,9.0,0.0,0,743,하남감일 1단지(10년공임)A1블록,127.1507072528768,37.5068996375275
2021,감일 포엠포레아파트,Q17,공공임대,0,1,0,0,520000,27838.1415,1126581.727,1,0,0,71,170,15,149.0,559.0,364.0,251.0,340.0,184.0,65.0,10.0,0,293,감일 포엠포레아파트,127.16202554576368,37.512135958902135
2021,하남감일 6단지(행복주택)A6블록,Q18,행복주택,0,0,0,1,150000,32979.24996,1443920.974,1,0,0,71,185,15,183.0,466.0,65.0,6.0,29.0,45.0,0.0,0.0,0,1169,하남감일 6단지(행복주택)A6블록,127.1600562516453,37.51247791325528
2021,하남감일 6단지(행복주택)A6블록,Q18,행복주택,0,0,0,1,150000,32979.24996,1443920.974,1,0,0,71,185,15,183.0,466.0,65.0,6.0,29.0,45.0,0.0,0.0,0,1169,하남감일 6단지(행복주택)A6블록,127.1600562516453,37.51247791325528
2021,하남감일 6단지(행복주택)A6블록,Q18,행복주택,0,0,0,1,240000,32979.24996,1443920.974,1,0,0,112,185,15,183.0,466.0,65.0,6.0,29.0,45.0,0.0,0.0,0,1169,하남감일 6단지(행복주택)A6블록,127.1600562516453,37.51247791325528
2021,하남감일 6단지(행복주택)A6블록,Q18,행복주택,0,0,0,1,240000,32979.24996,1443920.974,1,0,0,112,185,15,183.0,466.0,65.0,6.0,29.0,45.0,0.0,0.0,0,1169,하남감일 6단지(행복주택)A6블록,127.1600562516453,37.51247791325528
2021,"하남감일 8단지(국민, 영구)A3블록",Q19,국민임대,1,0,0,0,160000,17960.51407,741259.798,0,0,1,112,278,22,32.114883,40.002749,49.017453,53.524805,112.6838,73.24447,27.044112,0.0,0,509,"하남감일 8단지(국민, 영구)A3블록",127.1634532964404,37.51163825871581
2021,"하남감일 8단지(국민, 영구)A3블록",Q19,국민임대,1,0,0,0,160000,17960.51407,741259.798,0,0,1,112,278,22,32.114883,40.002749,49.017453,53.524805,112.6838,73.24447,27.044112,0.0,0,509,"하남감일 8단지(국민, 영구)A3블록",127.1634532964404,37.51163825871581
2021,"하남감일 8단지(국민, 영구)A3블록",Q19,국민임대,1,0,0,0,160000,17960.51407,741259.798,0,0,1,112,278,22,32.114883,40.002749,49.017453,53.524805,112.6838,73.24447,27.044112,0.0,0,509,"하남감일 8단지(국민, 영구)A3블록",127.1634532964404,37.51163825871581
2021,"하남감일 8단지(국민, 영구)A3블록",Q19,국민임대,1,0,0,0,240000,17960.51407,741259.798,0,0,1,112,278,22,32.114883,40.002749,49.017453,53.524805,112.6838,73.24447,27.044112,0.0,0,509,"하남감일 8단지(국민, 영구)A3블록",127.1634532964404,37.51163825871581
2021,"하남감일 8단지(국민, 영구)A3블록",Q19,국민임대,1,0,0,0,240000,17960.51407,741259.798,0,0,1,112,278,22,32.114883,40.002749,49.017453,53.524805,112.6838,73.24447,27.044112,0.0,0,509,"하남감일 8단지(국민, 영구)A3블록",127.1634532964404,37.51163825871581
2021,"하남감일 8단지(국민, 영구)A3블록",Q19,국민임대,1,0,0,0,240000,17960.51407,741259.798,0,0,1,112,278,22,32.114883,40.002749,49.017453,53.524805,112.6838,73.24447,27.044112,0.0,0,509,"하남감일 8단지(국민, 영구)A3블록",127.1634532964404,37.51163825871581
2021,"하남감일 8단지(국민, 영구)A3블록",Q19,영구임대,0,0,1,0,70000,17960.51407,741259.798,0,0,1,71,278,22,24.885117,30.997251,37.982547,41.475195,87.3162,56.75553,20.955888,0.0,0,509,"하남감일 8단지(국민, 영구)A3블록",127.1634532964404,37.51163825871581
2021,"하남감일 8단지(국민, 영구)A3블록",Q19,영구임대,0,0,1,0,70000,17960.51407,741259.798,0,0,1,71,278,22,24.885117,30.997251,37.982547,41.475195,87.3162,56.75553,20.955888,0.0,0,509,"하남감일 8단지(국민, 영구)A3블록",127.1634532964404,37.51163825871581
2021,"하남감일 8단지(국민, 영구)A3블록",Q19,영구임대,0,0,1,0,70000,17960.51407,741259.798,0,0,1,71,278,22,24.885117,30.997251,37.982547,41.475195,87.3162,56.75553,20.955888,0.0,0,509,"하남감일 8단지(국민, 영구)A3블록",127.1634532964404,37.51163825871581
2022,하남풍산2,Q2,국민임대,1,0,0,0,230000,1392495.502,2351955.0,1,0,0,173,761,175,145.0,105.0,163.0,229.0,301.0,157.0,69.0,0.0,0,337,하남풍산2,127.20213097863233,37.551419566729294
2022,미사강변도시 A12블록(분납),Q5,공공임대,0,1,0,0,220000,2728571.052,3401430.0,0,1,0,75,1001,155,177.0,156.0,587.0,276.0,242.0,106.0,32.0,0.0,0,31,미사강변도시 A12블록(분납),127.18844810353283,37.57074272066005
2022,하남미사 A13BL,Q7,영구임대,0,0,1,0,80000,2480454.576,3066425.0,0,0,1,166,2124,342,98.730785,139.063361,205.86418999999998,207.964845,297.872879,258.380565,121.41785899999999,8.822751,0,238,하남미사 A13BL,127.18869626701157,37.568623475672574
2022,하남미사 A13BL,Q7,영구임대,0,0,1,0,80000,2480454.576,3066425.0,0,0,1,166,2124,342,98.730785,139.063361,205.86418999999998,207.964845,297.872879,258.380565,121.41785899999999,8.822751,0,238,하남미사 A13BL,127.18869626701157,37.568623475672574
2022,하남미사 A13BL,Q7,영구임대,0,0,1,0,80000,2480454.576,3066425.0,0,0,1,166,2124,342,98.730785,139.063361,205.86418999999998,207.964845,297.872879,258.380565,121.41785899999999,8.822751,0,238,하남미사 A13BL,127.18869626701157,37.568623475672574
2022,하남미사 A13BL,Q7,국민임대,1,0,0,0,260000,2480454.576,3066425.0,0,0,1,166,2124,342,136.269215,191.93663899999999,284.13581,287.035155,411.127121,356.61943499999995,167.58214099999998,12.177249,0,238,하남미사 A13BL,127.18869626701157,37.568623475672574
2022,하남미사 A13BL,Q7,국민임대,1,0,0,0,260000,2480454.576,3066425.0,0,0,1,166,2124,342,136.269215,191.93663899999999,284.13581,287.035155,411.127121,356.61943499999995,167.58214099999998,12.177249,0,238,하남미사 A13BL,127.18869626701157,37.568623475672574
2022,하남미사 A13BL,Q7,국민임대,1,0,0,0,260000,2480454.576,3066425.0,0,0,1,166,2124,342,136.269215,191.93663899999999,284.13581,287.035155,411.127121,356.61943499999995,167.58214099999998,12.177249,0,238,하남미사 A13BL,127.18869626701157,37.568623475672574
2022,하남미사 A13BL,Q7,국민임대,1,0,0,0,190000,2480454.576,3066425.0,0,0,1,96,2124,342,136.269215,191.93663899999999,284.13581,287.035155,411.127121,356.61943499999995,167.58214099999998,12.177249,0,238,하남미사 A13BL,127.18869626701157,37.568623475672574
2022,하남미사 A13BL,Q7,국민임대,1,0,0,0,190000,2480454.576,3066425.0,0,0,1,96,2124,342,136.269215,191.93663899999999,284.13581,287.035155,411.127121,356.61943499999995,167.58214099999998,12.177249,0,238,하남미사 A13BL,127.18869626701157,37.568623475672574
2022,하남미사 A13BL,Q7,국민임대,1,0,0,0,190000,2480454.576,3066425.0,0,0,1,96,2124,342,136.269215,191.93663899999999,284.13581,287.035155,411.127121,356.61943499999995,167.58214099999998,12.177249,0,238,하남미사 A13BL,127.18869626701157,37.568623475672574
2022,미사강변 A29블록 10년 공임리츠,Q8,공공임대,0,1,0,0,490000,1265738.861,3071934.0,0,1,0,96,1073,161,292.0,326.0,899.0,456.0,366.0,230.0,37.0,0.0,0,200,미사강변 A29블록 10년 공임리츠,127.19842868863653,37.561665827284266
2022,미사강변 A29블록 10년 공임리츠,Q8,공공임대,0,1,0,0,490000,1265738.861,3071934.0,0,1,0,96,1073,161,292.0,326.0,899.0,456.0,366.0,230.0,37.0,0.0,0,200,미사강변 A29블록 10년 공임리츠,127.19842868863653,37.561665827284266
2022,미사강변 A29블록 10년 공임리츠,Q8,공공임대,0,1,0,0,770000,1265738.861,3071934.0,0,1,0,54,1073,161,292.0,326.0,899.0,456.0,366.0,230.0,37.0,0.0,0,200,미사강변 A29블록 10년 공임리츠,127.19842868863653,37.561665827284266
2022,미사강변 A29블록 10년 공임리츠,Q8,공공임대,0,1,0,0,770000,1265738.861,3071934.0,0,1,0,54,1073,161,292.0,326.0,899.0,456.0,366.0,230.0,37.0,0.0,0,200,미사강변 A29블록 10년 공임리츠,127.19842868863653,37.561665827284266
2022,하남미사 17단지,Q9,국민임대,1,0,0,0,260000,1338055.347,1531264.0,0,0,1,54,911,151,216.0,551.0,543.0,432.0,614.0,424.0,129.0,12.0,0,1916,하남미사 17단지,127.1812513190973,37.56522453084629
2022,하남미사 17단지,Q9,국민임대,1,0,0,0,260000,1338055.347,1531264.0,0,0,1,54,911,151,216.0,551.0,543.0,432.0,614.0,424.0,129.0,12.0,0,1916,하남미사 17단지,127.1812513190973,37.56522453084629
2022,하남미사 17단지,Q9,국민임대,1,0,0,0,210000,1338055.347,1531264.0,0,0,1,43,911,151,216.0,551.0,543.0,432.0,614.0,424.0,129.0,12.0,0,1916,하남미사 17단지,127.1812513190973,37.56522453084629
2022,하남미사 17단지,Q9,국민임대,1,0,0,0,210000,1338055.347,1531264.0,0,0,1,43,911,151,216.0,551.0,543.0,432.0,614.0,424.0,129.0,12.0,0,1916,하남미사 17단지,127.1812513190973,37.56522453084629
2022,(NHF제4호)하남미사A4,Q10,공공임대,0,1,0,0,760000,1979998.668,2250956.0,0,0,1,43,570,93,228.0,316.0,811.0,352.0,326.0,160.0,7.0,0.0,0,722,(NHF제4호)하남미사A4,127.1806862125006,37.57270894203898
2022,(NHF제4호)하남미사A4,Q10,공공임대,0,1,0,0,760000,1979998.668,2250956.0,0,0,1,43,570,93,228.0,316.0,811.0,352.0,326.0,160.0,7.0,0.0,0,722,(NHF제4호)하남미사A4,127.1806862125006,37.57270894203898
2022,(NHF제4호)하남미사A4,Q10,공공임대,0,1,0,0,500000,1979998.668,2250956.0,0,0,1,114,570,93,228.0,316.0,811.0,352.0,326.0,160.0,7.0,0.0,0,722,(NHF제4호)하남미사A4,127.1806862125006,37.57270894203898
2022,(NHF제4호)하남미사A4,Q10,공공임대,0,1,0,0,500000,1979998.668,2250956.0,0,0,1,114,570,93,228.0,316.0,811.0,352.0,326.0,160.0,7.0,0.0,0,722,(NHF제4호)하남미사A4,127.1806862125006,37.57270894203898
2022,미사강변도시 A24블록 10년 공임리츠,Q11,공공임대,0,1,0,0,750000,2064689.478,2782352.0,0,0,1,114,1116,191,199.0,286.0,687.0,290.0,249.0,159.0,16.0,0.0,0,202,미사강변도시 A24블록 10년 공임리츠,127.19271495588944,37.55956970350168
2022,미사강변도시 A24블록 10년 공임리츠,Q11,공공임대,0,1,0,0,750000,2064689.478,2782352.0,0,0,1,114,1116,191,199.0,286.0,687.0,290.0,249.0,159.0,16.0,0.0,0,202,미사강변도시 A24블록 10년 공임리츠,127.19271495588944,37.55956970350168
2022,미사강변도시 A24블록 10년 공임리츠,Q11,공공임대,0,1,0,0,500000,2064689.478,2782352.0,0,0,1,130,1116,191,199.0,286.0,687.0,290.0,249.0,159.0,16.0,0.0,0,202,미사강변도시 A24블록 10년 공임리츠,127.19271495588944,37.55956970350168
2022,미사강변도시 A24블록 10년 공임리츠,Q11,공공임대,0,1,0,0,500000,2064689.478,2782352.0,0,0,1,130,1116,191,199.0,286.0,687.0,290.0,249.0,159.0,16.0,0.0,0,202,미사강변도시 A24블록 10년 공임리츠,127.19271495588944,37.55956970350168
2022,미사강변도시 A25블록 10년 공임리츠,Q12,공공임대,0,1,0,0,760000,2042613.566,2974226.0,0,1,0,81,1123,174,173.0,296.0,714.0,258.0,189.0,87.0,7.0,0.0,0,406,미사강변도시 A25블록 10년 공임리츠,127.19249839432958,37.55771019521943
2022,하남미사 A14블록,Q13,국민임대,1,0,0,0,240000,1953055.459,3152838.0,0,0,1,81,1014,151,161.0,387.0,405.0,379.0,478.0,340.0,107.0,0.0,0,571,하남미사 A14블록,127.19056215109411,37.57125390235706
2022,하남미사 A14블록,Q13,국민임대,1,0,0,0,240000,1953055.459,3152838.0,0,0,1,81,1014,151,161.0,387.0,405.0,379.0,478.0,340.0,107.0,0.0,0,571,하남미사 A14블록,127.19056215109411,37.57125390235706
2022,하남미사 A14블록,Q13,국민임대,1,0,0,0,160000,1953055.459,3152838.0,0,0,1,99,1014,151,161.0,387.0,405.0,379.0,478.0,340.0,107.0,0.0,0,571,하남미사 A14블록,127.19056215109411,37.57125390235706
2022,하남미사 A14블록,Q13,국민임대,1,0,0,0,160000,1953055.459,3152838.0,0,0,1,99,1014,151,161.0,387.0,405.0,379.0,478.0,340.0,107.0,0.0,0,571,하남미사 A14블록,127.19056215109411,37.57125390235706
2022,하남미사 C3BL 행복주택,Q14,행복주택,0,0,0,1,160000,1604555.752,2963551.0,0,1,0,99,1081,183,368.0,1401.0,371.0,73.0,27.0,127.0,27.0,0.0,0,1582,하남미사 C3BL 행복주택,127.1969568167592,37.56348890456289
2022,하남미사 C3BL 행복주택,Q14,행복주택,0,0,0,1,160000,1604555.752,2963551.0,0,1,0,99,1081,183,368.0,1401.0,371.0,73.0,27.0,127.0,27.0,0.0,0,1582,하남미사 C3BL 행복주택,127.1969568167592,37.56348890456289
2022,하남미사 C3BL 행복주택,Q14,행복주택,0,0,0,1,290000,1604555.752,2963551.0,0,1,0,35,1081,183,368.0,1401.0,371.0,73.0,27.0,127.0,27.0,0.0,0,1582,하남미사 C3BL 행복주택,127.1969568167592,37.56348890456289
2022,하남미사 C3BL 행복주택,Q14,행복주택,0,0,0,1,290000,1604555.752,2963551.0,0,1,0,35,1081,183,368.0,1401.0,371.0,73.0,27.0,127.0,27.0,0.0,0,1582,하남미사 C3BL 행복주택,127.1969568167592,37.56348890456289
2022,"하남감일 10단지(10년, 분납)B5블록",Q15,공공임대,0,1,0,0,730000,976443.2988,1069511.0,0,1,0,51,168,70,136.0,395.0,534.0,228.0,227.0,80.0,6.0,0.0,0,262,"하남감일 10단지(10년, 분납)B5블록",127.16171561534672,37.50845749292075
2022,하남감일 1단지(10년공임)A1블록,Q16,공공임대,0,1,0,0,550000,1678566.805,2556386.0,0,0,1,51,193,69,126.0,229.0,362.0,205.0,241.0,117.0,9.0,0.0,0,853,하남감일 1단지(10년공임)A1블록,127.1507072528768,37.5068996375275
2022,감일 포엠포레아파트,Q17,공공임대,0,1,0,0,520000,1126581.727,1265901.0,1,0,0,66,217,71,120.0,516.0,406.0,257.0,332.0,216.0,77.0,7.0,0,366,감일 포엠포레아파트,127.16202554576368,37.512135958902135
2022,하남감일 6단지(행복주택)A6블록,Q18,행복주택,0,0,0,1,150000,1443920.974,1804492.0,1,0,0,66,230,72,131.0,490.0,75.0,0.0,34.0,47.0,0.0,0.0,0,733,하남감일 6단지(행복주택)A6블록,127.1600562516453,37.51247791325528
2022,하남감일 6단지(행복주택)A6블록,Q18,행복주택,0,0,0,1,150000,1443920.974,1804492.0,1,0,0,66,230,72,131.0,490.0,75.0,0.0,34.0,47.0,0.0,0.0,0,733,하남감일 6단지(행복주택)A6블록,127.1600562516453,37.51247791325528
2022,하남감일 6단지(행복주택)A6블록,Q18,행복주택,0,0,0,1,240000,1443920.974,1804492.0,1,0,0,92,230,72,131.0,490.0,75.0,0.0,34.0,47.0,0.0,0.0,0,733,하남감일 6단지(행복주택)A6블록,127.1600562516453,37.51247791325528
2022,하남감일 6단지(행복주택)A6블록,Q18,행복주택,0,0,0,1,240000,1443920.974,1804492.0,1,0,0,92,230,72,131.0,490.0,75.0,0.0,34.0,47.0,0.0,0.0,0,733,하남감일 6단지(행복주택)A6블록,127.1600562516453,37.51247791325528
2022,"하남감일 8단지(국민, 영구)A3블록",Q19,국민임대,1,0,0,0,160000,741259.798,807476.0,0,0,1,92,376,132,29.297788,49.017453,45.07352,55.215062,112.120381,80.005498,30.424626,0.0,0,819,"하남감일 8단지(국민, 영구)A3블록",127.1634532964404,37.51163825871581
2022,"하남감일 8단지(국민, 영구)A3블록",Q19,국민임대,1,0,0,0,160000,741259.798,807476.0,0,0,1,92,376,132,29.297788,49.017453,45.07352,55.215062,112.120381,80.005498,30.424626,0.0,0,819,"하남감일 8단지(국민, 영구)A3블록",127.1634532964404,37.51163825871581
2022,"하남감일 8단지(국민, 영구)A3블록",Q19,국민임대,1,0,0,0,160000,741259.798,807476.0,0,0,1,92,376,132,29.297788,49.017453,45.07352,55.215062,112.120381,80.005498,30.424626,0.0,0,819,"하남감일 8단지(국민, 영구)A3블록",127.1634532964404,37.51163825871581
2022,"하남감일 8단지(국민, 영구)A3블록",Q19,국민임대,1,0,0,0,240000,741259.798,807476.0,0,0,1,92,376,132,29.297788,49.017453,45.07352,55.215062,112.120381,80.005498,30.424626,0.0,0,819,"하남감일 8단지(국민, 영구)A3블록",127.1634532964404,37.51163825871581
2022,"하남감일 8단지(국민, 영구)A3블록",Q19,국민임대,1,0,0,0,240000,741259.798,807476.0,0,0,1,92,376,132,29.297788,49.017453,45.07352,55.215062,112.120381,80.005498,30.424626,0.0,0,819,"하남감일 8단지(국민, 영구)A3블록",127.1634532964404,37.51163825871581
2022,"하남감일 8단지(국민, 영구)A3블록",Q19,국민임대,1,0,0,0,240000,741259.798,807476.0,0,0,1,92,376,132,29.297788,49.017453,45.07352,55.215062,112.120381,80.005498,30.424626,0.0,0,819,"하남감일 8단지(국민, 영구)A3블록",127.1634532964404,37.51163825871581
2022,"하남감일 8단지(국민, 영구)A3블록",Q19,영구임대,0,0,1,0,70000,741259.798,807476.0,0,0,1,69,376,132,22.702212,37.982547,34.92648,42.784938,86.879619,61.994502,23.575374,0.0,0,819,"하남감일 8단지(국민, 영구)A3블록",127.1634532964404,37.51163825871581
2022,"하남감일 8단지(국민, 영구)A3블록",Q19,영구임대,0,0,1,0,70000,741259.798,807476.0,0,0,1,69,376,132,22.702212,37.982547,34.92648,42.784938,86.879619,61.994502,23.575374,0.0,0,819,"하남감일 8단지(국민, 영구)A3블록",127.1634532964404,37.51163825871581
2022,"하남감일 8단지(국민, 영구)A3블록",Q19,영구임대,0,0,1,0,70000,741259.798,807476.0,0,0,1,69,376,132,22.702212,37.982547,34.92648,42.784938,86.879619,61.994502,23.575374,0.0,0,819,"하남감일 8단지(국민, 영구)A3블록",127.1634532964404,37.51163825871581
2023,화성동탄7-2(1-5)(7단지 능동),Z49,국민임대,1,0,0,0,210000,72823.303,2332471.953,1,0,0,181,847,333,183.0,165.0,258.0,248.0,177.0,116.0,69.0,0.0,0,393,화성동탄7-2(1-5)(7단지 능동),127.06112783617262,37.21126821107472
2023,화성동탄5-2(4-6)(5단지 새강),Z50,국민임대,1,0,0,0,200000,58708.73975,1583714.475,0,1,0,147,576,338,307.0,294.0,534.0,470.0,379.0,276.0,101.0,0.0,0,513,화성동탄5-2(4-6)(5단지 새강),127.06917850910293,37.19352199242703
2023,화성봉담(2단지 동화)(국임),Z38,국민임대,1,0,0,0,160000,17583.70069,581933.3874,0,1,0,129,473,168,138.0,136.0,273.0,279.0,281.0,162.0,80.0,12.0,0,186,화성봉담(2단지 동화)(국임),126.96073759786272,37.21866582016575
2023,화성향남(6단지 한우물)(국임),Z27,국민임대,1,0,0,0,160000,37226.07971,740597.0809,0,1,0,109,725,236,249.0,267.0,456.0,391.0,304.0,173.0,59.0,0.0,0,35,화성향남(6단지 한우물)(국임),126.91848914458268,37.124146320662334
2023,화성향남(6단지 한우물)(국임),Z27,국민임대,1,0,0,0,160000,37226.07971,740597.0809,0,1,0,109,725,236,249.0,267.0,456.0,391.0,304.0,173.0,59.0,0.0,0,35,화성향남(6단지 한우물)(국임),126.91848914458268,37.124146320662334
2023,화성향남(6단지 한우물)(국임),Z27,국민임대,1,0,0,0,80000,37226.07971,740597.0809,0,1,0,109,725,236,249.0,267.0,456.0,391.0,304.0,173.0,59.0,0.0,0,35,화성향남(6단지 한우물)(국임),126.91848914458268,37.124146320662334
2023,화성향남(6단지 한우물)(국임),Z27,국민임대,1,0,0,0,80000,37226.07971,740597.0809,0,1,0,109,725,236,249.0,267.0,456.0,391.0,304.0,173.0,59.0,0.0,0,35,화성향남(6단지 한우물)(국임),126.91848914458268,37.124146320662334
2023,화성동탄2 A24블럭(4단지)(국임/영구),Z54,국민임대,1,0,0,0,310000,29076.38707,1335050.755,1,0,0,106,844,372,112.40423999999999,310.55274,273.80519999999996,244.9836,296.14194,224.08793999999997,103.03721999999999,9.36702,0,612,화성동탄2 A24블럭(4단지)(국임/영구),127.12159671867512,37.206008562740415
2023,화성동탄2 A24블럭(4단지)(국임/영구),Z54,국민임대,1,0,0,0,310000,29076.38707,1335050.755,1,0,0,106,844,372,112.40423999999999,310.55274,273.80519999999996,244.9836,296.14194,224.08793999999997,103.03721999999999,9.36702,0,612,화성동탄2 A24블럭(4단지)(국임/영구),127.12159671867512,37.206008562740415
2023,화성동탄2 A24블럭(4단지)(국임/영구),Z54,국민임대,1,0,0,0,310000,29076.38707,1335050.755,1,0,0,106,844,372,112.40423999999999,310.55274,273.80519999999996,244.9836,296.14194,224.08793999999997,103.03721999999999,9.36702,0,612,화성동탄2 A24블럭(4단지)(국임/영구),127.12159671867512,37.206008562740415
2023,화성동탄2 A24블럭(4단지)(국임/영구),Z54,국민임대,1,0,0,0,240000,29076.38707,1335050.755,1,0,0,106,844,372,112.40423999999999,310.55274,273.80519999999996,244.9836,296.14194,224.08793999999997,103.03721999999999,9.36702,0,612,화성동탄2 A24블럭(4단지)(국임/영구),127.12159671867512,37.206008562740415
2023,화성동탄2 A24블럭(4단지)(국임/영구),Z54,국민임대,1,0,0,0,240000,29076.38707,1335050.755,1,0,0,106,844,372,112.40423999999999,310.55274,273.80519999999996,244.9836,296.14194,224.08793999999997,103.03721999999999,9.36702,0,612,화성동탄2 A24블럭(4단지)(국임/영구),127.12159671867512,37.206008562740415
2023,화성동탄2 A24블럭(4단지)(국임/영구),Z54,국민임대,1,0,0,0,240000,29076.38707,1335050.755,1,0,0,106,844,372,112.40423999999999,310.55274,273.80519999999996,244.9836,296.14194,224.08793999999997,103.03721999999999,9.36702,0,612,화성동탄2 A24블럭(4단지)(국임/영구),127.12159671867512,37.206008562740415
2023,화성동탄2 A24블럭(4단지)(국임/영구),Z54,영구임대,0,0,1,0,70000,29076.38707,1335050.755,1,0,0,106,844,372,43.595760000000006,120.44726000000001,106.19480000000001,95.01640000000002,114.85806000000002,86.91206000000001,39.96278000000001,3.6329800000000008,0,612,화성동탄2 A24블럭(4단지)(국임/영구),127.12159671867512,37.206008562740415
2023,화성동탄2 A24블럭(4단지)(국임/영구),Z54,영구임대,0,0,1,0,70000,29076.38707,1335050.755,1,0,0,106,844,372,43.595760000000006,120.44726000000001,106.19480000000001,95.01640000000002,114.85806000000002,86.91206000000001,39.96278000000001,3.6329800000000008,0,612,화성동탄2 A24블럭(4단지)(국임/영구),127.12159671867512,37.206008562740415
2023,화성동탄2 A24블럭(4단지)(국임/영구),Z54,영구임대,0,0,1,0,70000,29076.38707,1335050.755,1,0,0,106,844,372,43.595760000000006,120.44726000000001,106.19480000000001,95.01640000000002,114.85806000000002,86.91206000000001,39.96278000000001,3.6329800000000008,0,612,화성동탄2 A24블럭(4단지)(국임/영구),127.12159671867512,37.206008562740415
2023,화성동탄2 A65블럭(26단지 레이크빌),Z69,공공임대,0,1,0,0,700000,29283.10549,787922.2546,0,0,1,41,402,117,211.0,305.0,594.0,346.0,244.0,87.0,0.0,0.0,0,176,화성동탄2 A65블럭(26단지 레이크빌),127.10363603424877,37.176328174895865
2023,화성향남2(5단지 서봉)(국임),Z24,국민임대,1,0,0,0,240000,19616.74867,842086.5993,0,1,0,42,341,74,158.0,416.0,396.0,247.0,181.0,78.0,36.0,0.0,0,112,화성향남2(5단지 서봉)(국임),126.90622137455452,37.11549960103785
2023,화성향남2(5단지 서봉)(국임),Z24,국민임대,1,0,0,0,240000,19616.74867,842086.5993,0,1,0,42,341,74,158.0,416.0,396.0,247.0,181.0,78.0,36.0,0.0,0,112,화성향남2(5단지 서봉)(국임),126.90622137455452,37.11549960103785
2023,화성향남2(5단지 서봉)(국임),Z24,국민임대,1,0,0,0,160000,19616.74867,842086.5993,0,1,0,42,341,74,158.0,416.0,396.0,247.0,181.0,78.0,36.0,0.0,0,112,화성향남2(5단지 서봉)(국임),126.90622137455452,37.11549960103785
2023,화성향남2(5단지 서봉)(국임),Z24,국민임대,1,0,0,0,160000,19616.74867,842086.5993,0,1,0,42,341,74,158.0,416.0,396.0,247.0,181.0,78.0,36.0,0.0,0,112,화성향남2(5단지 서봉)(국임),126.90622137455452,37.11549960103785
2023,(NHF제3호)화성동탄2 A50블럭(22단지 르파비스),Z70,공공임대,0,1,0,0,690000,31248.01738,661204.4935,1,0,0,34,145,115,162.0,471.0,478.0,245.0,210.0,48.0,6.0,0.0,0,383,(NHF제3호)화성동탄2 A50블럭(22단지 르파비스),127.12640625930578,37.18369051479117
2023,(NHF제3호)화성동탄2 A50블럭(22단지 르파비스),Z70,공공임대,0,1,0,0,690000,31248.01738,661204.4935,1,0,0,34,145,115,162.0,471.0,478.0,245.0,210.0,48.0,6.0,0.0,0,383,(NHF제3호)화성동탄2 A50블럭(22단지 르파비스),127.12640625930578,37.18369051479117
2023,(NHF제3호)화성동탄2 A50블럭(22단지 르파비스),Z70,공공임대,0,1,0,0,450000,31248.01738,661204.4935,1,0,0,34,145,115,162.0,471.0,478.0,245.0,210.0,48.0,6.0,0.0,0,383,(NHF제3호)화성동탄2 A50블럭(22단지 르파비스),127.12640625930578,37.18369051479117
2023,(NHF제3호)화성동탄2 A50블럭(22단지 르파비스),Z70,공공임대,0,1,0,0,450000,31248.01738,661204.4935,1,0,0,34,145,115,162.0,471.0,478.0,245.0,210.0,48.0,6.0,0.0,0,383,(NHF제3호)화성동탄2 A50블럭(22단지 르파비스),127.12640625930578,37.18369051479117
2023,(NHF제3호)화성동탄2 A69블럭(24단지 스타힐스),Z65,공공임대,0,1,0,0,690000,35587.67962,851835.9091,0,1,0,44,391,195,194.0,397.0,653.0,305.0,172.0,44.0,0.0,0.0,0,431,(NHF제3호)화성동탄2 A69블럭(24단지 스타힐스),127.1181879835962,37.17306946117509
2023,화성남양뉴타운(LH9단지)(국임),Z31,국민임대,1,0,0,0,250000,12994.75968,477272.0248,1,0,0,55,325,48,61.0,149.0,167.0,142.0,191.0,91.0,12.0,0.0,0,95,화성남양뉴타운(LH9단지)(국임),126.83389536488892,37.20902784398266
2023,화성남양뉴타운(LH9단지)(국임),Z31,국민임대,1,0,0,0,250000,12994.75968,477272.0248,1,0,0,55,325,48,61.0,149.0,167.0,142.0,191.0,91.0,12.0,0.0,0,95,화성남양뉴타운(LH9단지)(국임),126.83389536488892,37.20902784398266
2023,화성남양뉴타운(LH9단지)(국임),Z31,국민임대,1,0,0,0,150000,12994.75968,477272.0248,1,0,0,55,325,48,61.0,149.0,167.0,142.0,191.0,91.0,12.0,0.0,0,95,화성남양뉴타운(LH9단지)(국임),126.83389536488892,37.20902784398266
2023,화성남양뉴타운(LH9단지)(국임),Z31,국민임대,1,0,0,0,150000,12994.75968,477272.0248,1,0,0,55,325,48,61.0,149.0,167.0,142.0,191.0,91.0,12.0,0.0,0,95,화성남양뉴타운(LH9단지)(국임),126.83389536488892,37.20902784398266
2023,화성동탄2 C26블럭(26단지)(행복),Z14,행복주택,0,0,0,1,120000,74953.55897,2486454.549,0,0,1,35,199,66,186.0,336.0,15.0,8.0,0.0,14.0,0.0,0.0,0,193,화성동탄2 C26블럭(26단지)(행복),127.09138249064644,37.185810629208376
2023,화성동탄2 C26블럭(26단지)(행복),Z14,행복주택,0,0,0,1,120000,74953.55897,2486454.549,0,0,1,35,199,66,186.0,336.0,15.0,8.0,0.0,14.0,0.0,0.0,0,193,화성동탄2 C26블럭(26단지)(행복),127.09138249064644,37.185810629208376
2023,화성동탄2 C26블럭(26단지)(행복),Z14,행복주택,0,0,0,1,230000,74953.55897,2486454.549,0,0,1,35,199,66,186.0,336.0,15.0,8.0,0.0,14.0,0.0,0.0,0,193,화성동탄2 C26블럭(26단지)(행복),127.09138249064644,37.185810629208376
2023,화성동탄2 C26블럭(26단지)(행복),Z14,행복주택,0,0,0,1,230000,74953.55897,2486454.549,0,0,1,35,199,66,186.0,336.0,15.0,8.0,0.0,14.0,0.0,0.0,0,193,화성동탄2 C26블럭(26단지)(행복),127.09138249064644,37.185810629208376
2023,화성봉담2(LH3단지)(국임),Z34,국민임대,1,0,0,0,150000,30972.05385,1155856.133,0,0,1,83,463,121,187.0,235.0,279.0,363.0,397.0,321.0,83.0,0.0,0,389,화성봉담2(LH3단지)(국임),126.95216236841328,37.22511370196941
2023,화성봉담2(LH3단지)(국임),Z34,국민임대,1,0,0,0,150000,30972.05385,1155856.133,0,0,1,83,463,121,187.0,235.0,279.0,363.0,397.0,321.0,83.0,0.0,0,389,화성봉담2(LH3단지)(국임),126.95216236841328,37.22511370196941
2023,화성봉담2(LH3단지)(국임),Z34,국민임대,1,0,0,0,230000,30972.05385,1155856.133,0,0,1,83,463,121,187.0,235.0,279.0,363.0,397.0,321.0,83.0,0.0,0,389,화성봉담2(LH3단지)(국임),126.95216236841328,37.22511370196941
2023,화성봉담2(LH3단지)(국임),Z34,국민임대,1,0,0,0,230000,30972.05385,1155856.133,0,0,1,83,463,121,187.0,235.0,279.0,363.0,397.0,321.0,83.0,0.0,0,389,화성봉담2(LH3단지)(국임),126.95216236841328,37.22511370196941
2023,화성봉담2(LH2단지)(국임),Z35,국민임대,1,0,0,0,150000,21281.36859,655031.0416,1,0,0,68,372,106,145.0,271.0,285.0,273.0,271.0,154.0,22.0,0.0,0,303,화성봉담2(LH2단지)(국임),126.94385201364334,37.22174695633284
2023,화성봉담2(LH2단지)(국임),Z35,국민임대,1,0,0,0,150000,21281.36859,655031.0416,1,0,0,68,372,106,145.0,271.0,285.0,273.0,271.0,154.0,22.0,0.0,0,303,화성봉담2(LH2단지)(국임),126.94385201364334,37.22174695633284
2023,화성봉담2(LH2단지)(국임),Z35,국민임대,1,0,0,0,230000,21281.36859,655031.0416,1,0,0,68,372,106,145.0,271.0,285.0,273.0,271.0,154.0,22.0,0.0,0,303,화성봉담2(LH2단지)(국임),126.94385201364334,37.22174695633284
2023,화성봉담2(LH2단지)(국임),Z35,국민임대,1,0,0,0,230000,21281.36859,655031.0416,1,0,0,68,372,106,145.0,271.0,285.0,273.0,271.0,154.0,22.0,0.0,0,303,화성봉담2(LH2단지)(국임),126.94385201364334,37.22174695633284
2023,(NHF제8호)화성동탄2 A48블럭(22단지 경남아너스빌),Z71,공공임대,0,1,0,0,670000,24192.55636,525634.0542,1,0,0,26,137,118,203.0,527.0,744.0,411.0,293.0,92.0,19.0,0.0,0,359,(NHF제8호)화성동탄2 A48블럭(22단지 경남아너스빌),127.12744277544502,37.1863544034649
2023,(NHF제8호)화성동탄2 A48블럭(22단지 경남아너스빌),Z71,공공임대,0,1,0,0,670000,24192.55636,525634.0542,1,0,0,26,137,118,203.0,527.0,744.0,411.0,293.0,92.0,19.0,0.0,0,359,(NHF제8호)화성동탄2 A48블럭(22단지 경남아너스빌),127.12744277544502,37.1863544034649
2023,(NHF제8호)화성동탄2 A48블럭(22단지 경남아너스빌),Z71,공공임대,0,1,0,0,460000,24192.55636,525634.0542,1,0,0,26,137,118,203.0,527.0,744.0,411.0,293.0,92.0,19.0,0.0,0,359,(NHF제8호)화성동탄2 A48블럭(22단지 경남아너스빌),127.12744277544502,37.1863544034649
2023,(NHF제8호)화성동탄2 A48블럭(22단지 경남아너스빌),Z71,공공임대,0,1,0,0,460000,24192.55636,525634.0542,1,0,0,26,137,118,203.0,527.0,744.0,411.0,293.0,92.0,19.0,0.0,0,359,(NHF제8호)화성동탄2 A48블럭(22단지 경남아너스빌),127.12744277544502,37.1863544034649
2023,화성동탄2 A6블럭(1단지)(국민),Z51,국민임대,1,0,0,0,150000,5753.899313,238479.0416,1,0,0,23,157,78,68.0,214.0,186.0,162.0,161.0,102.0,45.0,0.0,0,50,화성동탄2 A6블럭(1단지)(국민),127.1151604984168,37.21752896396176
2023,화성동탄2 A6블럭(1단지)(국민),Z51,국민임대,1,0,0,0,150000,5753.899313,238479.0416,1,0,0,23,157,78,68.0,214.0,186.0,162.0,161.0,102.0,45.0,0.0,0,50,화성동탄2 A6블럭(1단지)(국민),127.1151604984168,37.21752896396176
2023,화성동탄2 A6블럭(1단지)(국민),Z51,국민임대,1,0,0,0,230000,5753.899313,238479.0416,1,0,0,23,157,78,68.0,214.0,186.0,162.0,161.0,102.0,45.0,0.0,0,50,화성동탄2 A6블럭(1단지)(국민),127.1151604984168,37.21752896396176
2023,화성동탄2 A6블럭(1단지)(국민),Z51,국민임대,1,0,0,0,230000,5753.899313,238479.0416,1,0,0,23,157,78,68.0,214.0,186.0,162.0,161.0,102.0,45.0,0.0,0,50,화성동탄2 A6블럭(1단지)(국민),127.1151604984168,37.21752896396176
2023,(NHF제10호)화성동탄2 A83블럭(28단지 엘크루),Z62,공공임대,0,1,0,0,450000,23090.71552,724153.6845,0,0,1,32,126,79,151.0,446.0,472.0,263.0,198.0,41.0,0.0,0.0,0,380,(NHF제10호)화성동탄2 A83블럭(28단지 엘크루),127.09405138517886,37.16197945258353
2023,(NHF제10호)화성동탄2 A83블럭(28단지 엘크루),Z62,공공임대,0,1,0,0,450000,23090.71552,724153.6845,0,0,1,32,126,79,151.0,446.0,472.0,263.0,198.0,41.0,0.0,0.0,0,380,(NHF제10호)화성동탄2 A83블럭(28단지 엘크루),127.09405138517886,37.16197945258353
2023,(NHF제10호)화성동탄2 A83블럭(28단지 엘크루),Z62,공공임대,0,1,0,0,680000,23090.71552,724153.6845,0,0,1,32,126,79,151.0,446.0,472.0,263.0,198.0,41.0,0.0,0.0,0,380,(NHF제10호)화성동탄2 A83블럭(28단지 엘크루),127.09405138517886,37.16197945258353
2023,(NHF제10호)화성동탄2 A83블럭(28단지 엘크루),Z62,공공임대,0,1,0,0,680000,23090.71552,724153.6845,0,0,1,32,126,79,151.0,446.0,472.0,263.0,198.0,41.0,0.0,0.0,0,380,(NHF제10호)화성동탄2 A83블럭(28단지 엘크루),127.09405138517886,37.16197945258353
2023,"화성봉담2(LH4단지)(행복,임대상가)",Z10,행복주택,0,0,0,1,90000,19569.76263,808916.5467,0,0,1,87,332,103,127.0,247.0,46.0,0.0,0.0,6.0,0.0,0.0,0,297,"화성봉담2(LH4단지)(행복,임대상가)",126.95125788128516,37.22901327183224
2023,"화성봉담2(LH4단지)(행복,임대상가)",Z10,행복주택,0,0,0,1,90000,19569.76263,808916.5467,0,0,1,87,332,103,127.0,247.0,46.0,0.0,0.0,6.0,0.0,0.0,0,297,"화성봉담2(LH4단지)(행복,임대상가)",126.95125788128516,37.22901327183224
2023,"화성봉담2(LH4단지)(행복,임대상가)",Z10,행복주택,0,0,0,1,170000,19569.76263,808916.5467,0,0,1,87,332,103,127.0,247.0,46.0,0.0,0.0,6.0,0.0,0.0,0,297,"화성봉담2(LH4단지)(행복,임대상가)",126.95125788128516,37.22901327183224
2023,"화성봉담2(LH4단지)(행복,임대상가)",Z10,행복주택,0,0,0,1,170000,19569.76263,808916.5467,0,0,1,87,332,103,127.0,247.0,46.0,0.0,0.0,6.0,0.0,0.0,0,297,"화성봉담2(LH4단지)(행복,임대상가)",126.95125788128516,37.22901327183224
2023,(NHF제12호)화성동탄2 A63블럭(23단지 센트럴써밋),Z66,공공임대,0,1,0,0,460000,31917.06005,682245.0436,0,0,1,39,254,156,83.0,457.0,269.0,153.0,146.0,32.0,0.0,0.0,0,625,(NHF제12호)화성동탄2 A63블럭(23단지 센트럴써밋),127.12351804383636,37.17570625725826
2023,화성동탄2 A82블럭(28단지)(행복),Z17,행복주택,0,0,0,1,100000,22362.53524,731525.8926,1,0,0,38,251,103,179.0,489.0,58.0,0.0,0.0,7.0,0.0,0.0,0,491,화성동탄2 A82블럭(28단지)(행복),127.09468424817597,37.16370186920907
2023,화성동탄2 A82블럭(28단지)(행복),Z17,행복주택,0,0,0,1,100000,22362.53524,731525.8926,1,0,0,38,251,103,179.0,489.0,58.0,0.0,0.0,7.0,0.0,0.0,0,491,화성동탄2 A82블럭(28단지)(행복),127.09468424817597,37.16370186920907
2023,화성동탄2 A82블럭(28단지)(행복),Z17,행복주택,0,0,0,1,190000,22362.53524,731525.8926,1,0,0,38,251,103,179.0,489.0,58.0,0.0,0.0,7.0,0.0,0.0,0,491,화성동탄2 A82블럭(28단지)(행복),127.09468424817597,37.16370186920907
2023,화성동탄2 A82블럭(28단지)(행복),Z17,행복주택,0,0,0,1,190000,22362.53524,731525.8926,1,0,0,38,251,103,179.0,489.0,58.0,0.0,0.0,7.0,0.0,0.0,0,491,화성동탄2 A82블럭(28단지)(행복),127.09468424817597,37.16370186920907
2023,"화성남양뉴타운(LH10단지)(국임,임대상가)",Z30,국민임대,1,0,0,0,140000,12902.727,500919.4279,1,0,0,46,317,51,93.0,243.0,173.0,176.0,186.0,77.0,17.0,0.0,0,162,"화성남양뉴타운(LH10단지)(국임,임대상가)",126.83465134528905,37.20697819840025
2023,"화성남양뉴타운(LH10단지)(국임,임대상가)",Z30,국민임대,1,0,0,0,140000,12902.727,500919.4279,1,0,0,46,317,51,93.0,243.0,173.0,176.0,186.0,77.0,17.0,0.0,0,162,"화성남양뉴타운(LH10단지)(국임,임대상가)",126.83465134528905,37.20697819840025
2023,"화성남양뉴타운(LH10단지)(국임,임대상가)",Z30,국민임대,1,0,0,0,220000,12902.727,500919.4279,1,0,0,46,317,51,93.0,243.0,173.0,176.0,186.0,77.0,17.0,0.0,0,162,"화성남양뉴타운(LH10단지)(국임,임대상가)",126.83465134528905,37.20697819840025
2023,"화성남양뉴타운(LH10단지)(국임,임대상가)",Z30,국민임대,1,0,0,0,220000,12902.727,500919.4279,1,0,0,46,317,51,93.0,243.0,173.0,176.0,186.0,77.0,17.0,0.0,0,162,"화성남양뉴타운(LH10단지)(국임,임대상가)",126.83465134528905,37.20697819840025
2023,"화성발안(1단지)(행복,임대상가)",Z1,행복주택,0,0,0,1,90000,12728.50159,496523.5571,1,0,0,20,68,2,79.0,146.0,49.0,28.0,11.0,0.0,0.0,0.0,0,318,"화성발안(1단지)(행복,임대상가)",126.90977873809642,37.08762840985505
2023,"화성발안(1단지)(행복,임대상가)",Z1,행복주택,0,0,0,1,90000,12728.50159,496523.5571,1,0,0,20,68,2,79.0,146.0,49.0,28.0,11.0,0.0,0.0,0.0,0,318,"화성발안(1단지)(행복,임대상가)",126.90977873809642,37.08762840985505
2023,"화성발안(1단지)(행복,임대상가)",Z1,행복주택,0,0,0,1,160000,12728.50159,496523.5571,1,0,0,20,68,2,79.0,146.0,49.0,28.0,11.0,0.0,0.0,0.0,0,318,"화성발안(1단지)(행복,임대상가)",126.90977873809642,37.08762840985505
2023,"화성발안(1단지)(행복,임대상가)",Z1,행복주택,0,0,0,1,160000,12728.50159,496523.5571,1,0,0,20,68,2,79.0,146.0,49.0,28.0,11.0,0.0,0.0,0.0,0,318,"화성발안(1단지)(행복,임대상가)",126.90977873809642,37.08762840985505
2023,화성동탄2 A77-1블럭(35단지)(행복),Z18,행복주택,0,0,0,1,120000,19377.07375,437594.271,1,0,0,32,228,151,223.0,495.0,56.0,0.0,21.0,27.0,9.0,0.0,0,534,화성동탄2 A77-1블럭(35단지)(행복),127.1217664388396,37.16627733421841
2023,화성동탄2 A77-1블럭(35단지)(행복),Z18,행복주택,0,0,0,1,120000,19377.07375,437594.271,1,0,0,32,228,151,223.0,495.0,56.0,0.0,21.0,27.0,9.0,0.0,0,534,화성동탄2 A77-1블럭(35단지)(행복),127.1217664388396,37.16627733421841
2023,화성동탄2 A77-1블럭(35단지)(행복),Z18,행복주택,0,0,0,1,180000,19377.07375,437594.271,1,0,0,32,228,151,223.0,495.0,56.0,0.0,21.0,27.0,9.0,0.0,0,534,화성동탄2 A77-1블럭(35단지)(행복),127.1217664388396,37.16627733421841
2023,화성동탄2 A77-1블럭(35단지)(행복),Z18,행복주택,0,0,0,1,180000,19377.07375,437594.271,1,0,0,32,228,151,223.0,495.0,56.0,0.0,21.0,27.0,9.0,0.0,0,534,화성동탄2 A77-1블럭(35단지)(행복),127.1217664388396,37.16627733421841
2023,화성동탄2 A77-2블럭(35단지)(국임/영구),Z52,영구임대,0,0,1,0,60000,21236.32957,433780.1397,0,0,1,68,444,316,67.858677,160.97417099999998,103.157361,92.506896,94.636989,52.339428,8.824671,0.0,0,228,화성동탄2 A77-2블럭(35단지)(국임/영구),127.12129858835809,37.16432178281929
2023,화성동탄2 A77-2블럭(35단지)(국임/영구),Z52,영구임대,0,0,1,0,60000,21236.32957,433780.1397,0,0,1,68,444,316,67.858677,160.97417099999998,103.157361,92.506896,94.636989,52.339428,8.824671,0.0,0,228,화성동탄2 A77-2블럭(35단지)(국임/영구),127.12129858835809,37.16432178281929
2023,화성동탄2 A77-2블럭(35단지)(국임/영구),Z52,영구임대,0,0,1,0,60000,21236.32957,433780.1397,0,0,1,68,444,316,67.858677,160.97417099999998,103.157361,92.506896,94.636989,52.339428,8.824671,0.0,0,228,화성동탄2 A77-2블럭(35단지)(국임/영구),127.12129858835809,37.16432178281929
2023,화성동탄2 A77-2블럭(35단지)(국임/영구),Z52,국민임대,1,0,0,0,250000,21236.32957,433780.1397,0,0,1,68,444,316,155.141323,368.025829,235.842639,211.49310400000002,216.363011,119.660572,20.175329,0.0,0,228,화성동탄2 A77-2블럭(35단지)(국임/영구),127.12129858835809,37.16432178281929
2023,화성동탄2 A77-2블럭(35단지)(국임/영구),Z52,국민임대,1,0,0,0,250000,21236.32957,433780.1397,0,0,1,68,444,316,155.141323,368.025829,235.842639,211.49310400000002,216.363011,119.660572,20.175329,0.0,0,228,화성동탄2 A77-2블럭(35단지)(국임/영구),127.12129858835809,37.16432178281929
2023,화성동탄2 A77-2블럭(35단지)(국임/영구),Z52,국민임대,1,0,0,0,250000,21236.32957,433780.1397,0,0,1,68,444,316,155.141323,368.025829,235.842639,211.49310400000002,216.363011,119.660572,20.175329,0.0,0,228,화성동탄2 A77-2블럭(35단지)(국임/영구),127.12129858835809,37.16432178281929
2023,화성동탄2 A77-2블럭(35단지)(국임/영구),Z52,국민임대,1,0,0,0,170000,21236.32957,433780.1397,0,0,1,68,444,316,155.141323,368.025829,235.842639,211.49310400000002,216.363011,119.660572,20.175329,0.0,0,228,화성동탄2 A77-2블럭(35단지)(국임/영구),127.12129858835809,37.16432178281929
2023,화성동탄2 A77-2블럭(35단지)(국임/영구),Z52,국민임대,1,0,0,0,170000,21236.32957,433780.1397,0,0,1,68,444,316,155.141323,368.025829,235.842639,211.49310400000002,216.363011,119.660572,20.175329,0.0,0,228,화성동탄2 A77-2블럭(35단지)(국임/영구),127.12129858835809,37.16432178281929
2023,화성동탄2 A77-2블럭(35단지)(국임/영구),Z52,국민임대,1,0,0,0,170000,21236.32957,433780.1397,0,0,1,68,444,316,155.141323,368.025829,235.842639,211.49310400000002,216.363011,119.660572,20.175329,0.0,0,228,화성동탄2 A77-2블럭(35단지)(국임/영구),127.12129858835809,37.16432178281929
2023,화성동탄2 A4-1블럭(2단지)(행복),Z16,행복주택,0,0,0,1,230000,43803.52818,1213435.997,0,1,0,109,531,164,472.0,897.0,126.0,17.0,23.0,56.0,15.0,0.0,0,1949,화성동탄2 A4-1블럭(2단지)(행복),127.10541141946956,37.21355361504911
2023,화성동탄2 A4-1블럭(2단지)(행복),Z16,행복주택,0,0,0,1,230000,43803.52818,1213435.997,0,1,0,109,531,164,472.0,897.0,126.0,17.0,23.0,56.0,15.0,0.0,0,1949,화성동탄2 A4-1블럭(2단지)(행복),127.10541141946956,37.21355361504911
2023,화성동탄2 A4-1블럭(2단지)(행복),Z16,행복주택,0,0,0,1,120000,43803.52818,1213435.997,0,1,0,109,531,164,472.0,897.0,126.0,17.0,23.0,56.0,15.0,0.0,0,1949,화성동탄2 A4-1블럭(2단지)(행복),127.10541141946956,37.21355361504911
2023,화성동탄2 A4-1블럭(2단지)(행복),Z16,행복주택,0,0,0,1,120000,43803.52818,1213435.997,0,1,0,109,531,164,472.0,897.0,126.0,17.0,23.0,56.0,15.0,0.0,0,1949,화성동탄2 A4-1블럭(2단지)(행복),127.10541141946956,37.21355361504911
2023,화성동탄2 A4-2블럭(2단지)(국임/영구),Z55,국민임대,1,0,0,0,270000,55009.25964,1489277.291,0,1,0,250,1176,432,155.02094300000002,231.418824,180.239661,157.246124,140.186403,141.669857,40.053258,0.0,0,237,화성동탄2 A4-2블럭(2단지)(국임/영구),127.10571159617744,37.21197316557042
2023,화성동탄2 A4-2블럭(2단지)(국임/영구),Z55,국민임대,1,0,0,0,270000,55009.25964,1489277.291,0,1,0,250,1176,432,155.02094300000002,231.418824,180.239661,157.246124,140.186403,141.669857,40.053258,0.0,0,237,화성동탄2 A4-2블럭(2단지)(국임/영구),127.10571159617744,37.21197316557042
2023,화성동탄2 A4-2블럭(2단지)(국임/영구),Z55,국민임대,1,0,0,0,270000,55009.25964,1489277.291,0,1,0,250,1176,432,155.02094300000002,231.418824,180.239661,157.246124,140.186403,141.669857,40.053258,0.0,0,237,화성동탄2 A4-2블럭(2단지)(국임/영구),127.10571159617744,37.21197316557042
2023,화성동탄2 A4-2블럭(2단지)(국임/영구),Z55,국민임대,1,0,0,0,180000,55009.25964,1489277.291,0,1,0,250,1176,432,155.02094300000002,231.418824,180.239661,157.246124,140.186403,141.669857,40.053258,0.0,0,237,화성동탄2 A4-2블럭(2단지)(국임/영구),127.10571159617744,37.21197316557042
2023,화성동탄2 A4-2블럭(2단지)(국임/영구),Z55,국민임대,1,0,0,0,180000,55009.25964,1489277.291,0,1,0,250,1176,432,155.02094300000002,231.418824,180.239661,157.246124,140.186403,141.669857,40.053258,0.0,0,237,화성동탄2 A4-2블럭(2단지)(국임/영구),127.10571159617744,37.21197316557042
2023,화성동탄2 A4-2블럭(2단지)(국임/영구),Z55,국민임대,1,0,0,0,180000,55009.25964,1489277.291,0,1,0,250,1176,432,155.02094300000002,231.418824,180.239661,157.246124,140.186403,141.669857,40.053258,0.0,0,237,화성동탄2 A4-2블럭(2단지)(국임/영구),127.10571159617744,37.21197316557042
2023,화성동탄2 A4-2블럭(2단지)(국임/영구),Z55,영구임대,0,0,1,0,90000,55009.25964,1489277.291,0,1,0,250,1176,432,53.979057,80.581176,62.760338999999995,54.75387599999999,48.813596999999994,49.33014299999999,13.946741999999999,0.0,0,237,화성동탄2 A4-2블럭(2단지)(국임/영구),127.10571159617744,37.21197316557042
2023,화성동탄2 A4-2블럭(2단지)(국임/영구),Z55,영구임대,0,0,1,0,90000,55009.25964,1489277.291,0,1,0,250,1176,432,53.979057,80.581176,62.760338999999995,54.75387599999999,48.813596999999994,49.33014299999999,13.946741999999999,0.0,0,237,화성동탄2 A4-2블럭(2단지)(국임/영구),127.10571159617744,37.21197316557042
2023,화성동탄2 A4-2블럭(2단지)(국임/영구),Z55,영구임대,0,0,1,0,90000,55009.25964,1489277.291,0,1,0,250,1176,432,53.979057,80.581176,62.760338999999995,54.75387599999999,48.813596999999994,49.33014299999999,13.946741999999999,0.0,0,237,화성동탄2 A4-2블럭(2단지)(국임/영구),127.10571159617744,37.21197316557042
2023,하남미사 A13BL,Q7,영구임대,0,0,1,0,80000,19272.16417,546824.1436,0,0,1,240,2412,518,88.647641,131.080872,197.041439,205.86418999999998,289.050128,266.363054,126.0393,14.704585,0,202,하남미사 A13BL,127.18869626701157,37.568623475672574
2023,하남미사 A13BL,Q7,영구임대,0,0,1,0,80000,19272.16417,546824.1436,0,0,1,240,2412,518,88.647641,131.080872,197.041439,205.86418999999998,289.050128,266.363054,126.0393,14.704585,0,202,하남미사 A13BL,127.18869626701157,37.568623475672574
2023,하남미사 A13BL,Q7,영구임대,0,0,1,0,80000,19272.16417,546824.1436,0,0,1,240,2412,518,88.647641,131.080872,197.041439,205.86418999999998,289.050128,266.363054,126.0393,14.704585,0,202,하남미사 A13BL,127.18869626701157,37.568623475672574
2023,하남미사 A13BL,Q7,국민임대,1,0,0,0,260000,19272.16417,546824.1436,0,0,1,240,2412,518,122.35235899999999,180.919128,271.958561,284.13581,398.94987199999997,367.63694599999997,173.9607,20.295415,0,202,하남미사 A13BL,127.18869626701157,37.568623475672574
2023,하남미사 A13BL,Q7,국민임대,1,0,0,0,260000,19272.16417,546824.1436,0,0,1,240,2412,518,122.35235899999999,180.919128,271.958561,284.13581,398.94987199999997,367.63694599999997,173.9607,20.295415,0,202,하남미사 A13BL,127.18869626701157,37.568623475672574
2023,하남미사 A13BL,Q7,국민임대,1,0,0,0,260000,19272.16417,546824.1436,0,0,1,240,2412,518,122.35235899999999,180.919128,271.958561,284.13581,398.94987199999997,367.63694599999997,173.9607,20.295415,0,202,하남미사 A13BL,127.18869626701157,37.568623475672574
2023,하남미사 A13BL,Q7,국민임대,1,0,0,0,190000,19272.16417,546824.1436,0,0,1,240,2412,518,122.35235899999999,180.919128,271.958561,284.13581,398.94987199999997,367.63694599999997,173.9607,20.295415,0,202,하남미사 A13BL,127.18869626701157,37.568623475672574
2023,하남미사 A13BL,Q7,국민임대,1,0,0,0,190000,19272.16417,546824.1436,0,0,1,240,2412,518,122.35235899999999,180.919128,271.958561,284.13581,398.94987199999997,367.63694599999997,173.9607,20.295415,0,202,하남미사 A13BL,127.18869626701157,37.568623475672574
2023,하남미사 A13BL,Q7,국민임대,1,0,0,0,190000,19272.16417,546824.1436,0,0,1,240,2412,518,122.35235899999999,180.919128,271.958561,284.13581,398.94987199999997,367.63694599999997,173.9607,20.295415,0,202,하남미사 A13BL,127.18869626701157,37.568623475672574
2023,미사강변 A29블록 10년 공임리츠,Q8,공공임대,0,1,0,0,490000,12406.91863,553799.3336,0,1,0,136,1250,244,283.0,277.0,894.0,481.0,380.0,238.0,48.0,0.0,0,234,미사강변 A29블록 10년 공임리츠,127.19842868863653,37.561665827284266
2023,미사강변 A29블록 10년 공임리츠,Q8,공공임대,0,1,0,0,490000,12406.91863,553799.3336,0,1,0,136,1250,244,283.0,277.0,894.0,481.0,380.0,238.0,48.0,0.0,0,234,미사강변 A29블록 10년 공임리츠,127.19842868863653,37.561665827284266
2023,미사강변 A29블록 10년 공임리츠,Q8,공공임대,0,1,0,0,770000,12406.91863,553799.3336,0,1,0,136,1250,244,283.0,277.0,894.0,481.0,380.0,238.0,48.0,0.0,0,234,미사강변 A29블록 10년 공임리츠,127.19842868863653,37.561665827284266
2023,미사강변 A29블록 10년 공임리츠,Q8,공공임대,0,1,0,0,770000,12406.91863,553799.3336,0,1,0,136,1250,244,283.0,277.0,894.0,481.0,380.0,238.0,48.0,0.0,0,234,미사강변 A29블록 10년 공임리츠,127.19842868863653,37.561665827284266
2023,하남미사 17단지,Q9,국민임대,1,0,0,0,260000,8643.978212,270730.5446,0,0,1,80,1068,234,205.0,500.0,544.0,428.0,612.0,483.0,152.0,14.0,0,1273,하남미사 17단지,127.1812513190973,37.56522453084629
2023,하남미사 17단지,Q9,국민임대,1,0,0,0,260000,8643.978212,270730.5446,0,0,1,80,1068,234,205.0,500.0,544.0,428.0,612.0,483.0,152.0,14.0,0,1273,하남미사 17단지,127.1812513190973,37.56522453084629
2023,하남미사 17단지,Q9,국민임대,1,0,0,0,210000,8643.978212,270730.5446,0,0,1,80,1068,234,205.0,500.0,544.0,428.0,612.0,483.0,152.0,14.0,0,1273,하남미사 17단지,127.1812513190973,37.56522453084629
2023,하남미사 17단지,Q9,국민임대,1,0,0,0,210000,8643.978212,270730.5446,0,0,1,80,1068,234,205.0,500.0,544.0,428.0,612.0,483.0,152.0,14.0,0,1273,하남미사 17단지,127.1812513190973,37.56522453084629
2023,(NHF제4호)하남미사A4,Q10,공공임대,0,1,0,0,760000,12588.55685,398268.6235,0,0,1,62,628,135,234.0,258.0,798.0,381.0,321.0,180.0,6.0,0.0,0,612,(NHF제4호)하남미사A4,127.1806862125006,37.57270894203898
2023,(NHF제4호)하남미사A4,Q10,공공임대,0,1,0,0,760000,12588.55685,398268.6235,0,0,1,62,628,135,234.0,258.0,798.0,381.0,321.0,180.0,6.0,0.0,0,612,(NHF제4호)하남미사A4,127.1806862125006,37.57270894203898
2023,(NHF제4호)하남미사A4,Q10,공공임대,0,1,0,0,500000,12588.55685,398268.6235,0,0,1,62,628,135,234.0,258.0,798.0,381.0,321.0,180.0,6.0,0.0,0,612,(NHF제4호)하남미사A4,127.1806862125006,37.57270894203898
2023,(NHF제4호)하남미사A4,Q10,공공임대,0,1,0,0,500000,12588.55685,398268.6235,0,0,1,62,628,135,234.0,258.0,798.0,381.0,321.0,180.0,6.0,0.0,0,612,(NHF제4호)하남미사A4,127.1806862125006,37.57270894203898
2023,미사강변도시 A24블록 10년 공임리츠,Q11,공공임대,0,1,0,0,750000,14980.76858,511167.3228,0,0,1,163,1314,294,202.0,245.0,687.0,310.0,258.0,158.0,23.0,0.0,0,242,미사강변도시 A24블록 10년 공임리츠,127.19271495588944,37.55956970350168
2023,미사강변도시 A24블록 10년 공임리츠,Q11,공공임대,0,1,0,0,750000,14980.76858,511167.3228,0,0,1,163,1314,294,202.0,245.0,687.0,310.0,258.0,158.0,23.0,0.0,0,242,미사강변도시 A24블록 10년 공임리츠,127.19271495588944,37.55956970350168
2023,미사강변도시 A24블록 10년 공임리츠,Q11,공공임대,0,1,0,0,500000,14980.76858,511167.3228,0,0,1,163,1314,294,202.0,245.0,687.0,310.0,258.0,158.0,23.0,0.0,0,242,미사강변도시 A24블록 10년 공임리츠,127.19271495588944,37.55956970350168
2023,미사강변도시 A24블록 10년 공임리츠,Q11,공공임대,0,1,0,0,500000,14980.76858,511167.3228,0,0,1,163,1314,294,202.0,245.0,687.0,310.0,258.0,158.0,23.0,0.0,0,242,미사강변도시 A24블록 10년 공임리츠,127.19271495588944,37.55956970350168
2023,미사강변도시 A25블록 10년 공임리츠,Q12,공공임대,0,1,0,0,760000,15748.82157,539923.3741,0,1,0,182,1348,267,178.0,258.0,727.0,280.0,203.0,81.0,6.0,0.0,0,400,미사강변도시 A25블록 10년 공임리츠,127.19249839432958,37.55771019521943
2023,하남미사 A14블록,Q13,국민임대,1,0,0,0,240000,16483.17727,560401.7352,0,0,1,116,1151,229,120.0,359.0,373.0,353.0,456.0,370.0,118.0,0.0,0,406,하남미사 A14블록,127.19056215109411,37.57125390235706
2023,하남미사 A14블록,Q13,국민임대,1,0,0,0,240000,16483.17727,560401.7352,0,0,1,116,1151,229,120.0,359.0,373.0,353.0,456.0,370.0,118.0,0.0,0,406,하남미사 A14블록,127.19056215109411,37.57125390235706
2023,하남미사 A14블록,Q13,국민임대,1,0,0,0,160000,16483.17727,560401.7352,0,0,1,116,1151,229,120.0,359.0,373.0,353.0,456.0,370.0,118.0,0.0,0,406,하남미사 A14블록,127.19056215109411,37.57125390235706
2023,하남미사 A14블록,Q13,국민임대,1,0,0,0,160000,16483.17727,560401.7352,0,0,1,116,1151,229,120.0,359.0,373.0,353.0,456.0,370.0,118.0,0.0,0,406,하남미사 A14블록,127.19056215109411,37.57125390235706
2023,하남미사 C3BL 행복주택,Q14,행복주택,0,0,0,1,160000,14039.46569,524433.989,0,1,0,141,1276,283,347.0,1292.0,402.0,117.0,113.0,152.0,55.0,0.0,0,1180,하남미사 C3BL 행복주택,127.1969568167592,37.56348890456289
2023,하남미사 C3BL 행복주택,Q14,행복주택,0,0,0,1,160000,14039.46569,524433.989,0,1,0,141,1276,283,347.0,1292.0,402.0,117.0,113.0,152.0,55.0,0.0,0,1180,하남미사 C3BL 행복주택,127.1969568167592,37.56348890456289
2023,하남미사 C3BL 행복주택,Q14,행복주택,0,0,0,1,290000,14039.46569,524433.989,0,1,0,141,1276,283,347.0,1292.0,402.0,117.0,113.0,152.0,55.0,0.0,0,1180,하남미사 C3BL 행복주택,127.1969568167592,37.56348890456289
2023,하남미사 C3BL 행복주택,Q14,행복주택,0,0,0,1,290000,14039.46569,524433.989,0,1,0,141,1276,283,347.0,1292.0,402.0,117.0,113.0,152.0,55.0,0.0,0,1180,하남미사 C3BL 행복주택,127.1969568167592,37.56348890456289
2023,"하남감일 10단지(10년, 분납)B5블록",Q15,공공임대,0,1,0,0,730000,6629.262091,186759.3665,0,1,0,24,211,128,128.0,340.0,552.0,240.0,246.0,85.0,6.0,0.0,0,297,"하남감일 10단지(10년, 분납)B5블록",127.16171561534672,37.50845749292075
2023,하남감일 1단지(10년공임)A1블록,Q16,공공임대,0,1,0,0,550000,11310.8024,445341.5923,0,0,1,51,231,123,113.0,206.0,380.0,212.0,234.0,145.0,17.0,8.0,0,563,하남감일 1단지(10년공임)A1블록,127.1507072528768,37.5068996375275
2023,감일 포엠포레아파트,Q17,공공임대,0,1,0,0,520000,4978.12739,222777.0702,1,0,0,43,264,127,103.0,409.0,419.0,243.0,303.0,221.0,77.0,7.0,0,360,감일 포엠포레아파트,127.16202554576368,37.512135958902135
2023,하남감일 6단지(행복주택)A6블록,Q18,행복주택,0,0,0,1,150000,6426.06119,314562.8385,1,0,0,61,275,129,76.0,479.0,144.0,17.0,29.0,58.0,6.0,0.0,0,552,하남감일 6단지(행복주택)A6블록,127.1600562516453,37.51247791325528
2023,하남감일 6단지(행복주택)A6블록,Q18,행복주택,0,0,0,1,150000,6426.06119,314562.8385,1,0,0,61,275,129,76.0,479.0,144.0,17.0,29.0,58.0,6.0,0.0,0,552,하남감일 6단지(행복주택)A6블록,127.1600562516453,37.51247791325528
2023,하남감일 6단지(행복주택)A6블록,Q18,행복주택,0,0,0,1,240000,6426.06119,314562.8385,1,0,0,61,275,129,76.0,479.0,144.0,17.0,29.0,58.0,6.0,0.0,0,552,하남감일 6단지(행복주택)A6블록,127.1600562516453,37.51247791325528
2023,하남감일 6단지(행복주택)A6블록,Q18,행복주택,0,0,0,1,240000,6426.06119,314562.8385,1,0,0,61,275,129,76.0,479.0,144.0,17.0,29.0,58.0,6.0,0.0,0,552,하남감일 6단지(행복주택)A6블록,127.1600562516453,37.51247791325528
2023,"하남감일 8단지(국민, 영구)A3블록",Q19,국민임대,1,0,0,0,160000,3419.430411,140681.1774,0,0,1,72,474,242,25.353855,45.07352,40.002749,58.595576,108.176448,84.51285,39.43933,0.0,0,694,"하남감일 8단지(국민, 영구)A3블록",127.1634532964404,37.51163825871581
2023,"하남감일 8단지(국민, 영구)A3블록",Q19,국민임대,1,0,0,0,160000,3419.430411,140681.1774,0,0,1,72,474,242,25.353855,45.07352,40.002749,58.595576,108.176448,84.51285,39.43933,0.0,0,694,"하남감일 8단지(국민, 영구)A3블록",127.1634532964404,37.51163825871581
2023,"하남감일 8단지(국민, 영구)A3블록",Q19,국민임대,1,0,0,0,160000,3419.430411,140681.1774,0,0,1,72,474,242,25.353855,45.07352,40.002749,58.595576,108.176448,84.51285,39.43933,0.0,0,694,"하남감일 8단지(국민, 영구)A3블록",127.1634532964404,37.51163825871581
2023,"하남감일 8단지(국민, 영구)A3블록",Q19,국민임대,1,0,0,0,240000,3419.430411,140681.1774,0,0,1,72,474,242,25.353855,45.07352,40.002749,58.595576,108.176448,84.51285,39.43933,0.0,0,694,"하남감일 8단지(국민, 영구)A3블록",127.1634532964404,37.51163825871581
2023,"하남감일 8단지(국민, 영구)A3블록",Q19,국민임대,1,0,0,0,240000,3419.430411,140681.1774,0,0,1,72,474,242,25.353855,45.07352,40.002749,58.595576,108.176448,84.51285,39.43933,0.0,0,694,"하남감일 8단지(국민, 영구)A3블록",127.1634532964404,37.51163825871581
2023,"하남감일 8단지(국민, 영구)A3블록",Q19,국민임대,1,0,0,0,240000,3419.430411,140681.1774,0,0,1,72,474,242,25.353855,45.07352,40.002749,58.595576,108.176448,84.51285,39.43933,0.0,0,694,"하남감일 8단지(국민, 영구)A3블록",127.1634532964404,37.51163825871581
2023,"하남감일 8단지(국민, 영구)A3블록",Q19,영구임대,0,0,1,0,70000,3419.430411,140681.1774,0,0,1,72,474,242,19.646145,34.92648,30.997251,45.404424,83.823552,65.48715,30.56067,0.0,0,694,"하남감일 8단지(국민, 영구)A3블록",127.1634532964404,37.51163825871581
2023,"하남감일 8단지(국민, 영구)A3블록",Q19,영구임대,0,0,1,0,70000,3419.430411,140681.1774,0,0,1,72,474,242,19.646145,34.92648,30.997251,45.404424,83.823552,65.48715,30.56067,0.0,0,694,"하남감일 8단지(국민, 영구)A3블록",127.1634532964404,37.51163825871581
2023,"하남감일 8단지(국민, 영구)A3블록",Q19,영구임대,0,0,1,0,70000,3419.430411,140681.1774,0,0,1,72,474,242,19.646145,34.92648,30.997251,45.404424,83.823552,65.48715,30.56067,0.0,0,694,"하남감일 8단지(국민, 영구)A3블록",127.1634532964404,37.51163825871581
