단지명,sumID,유형별,국민임대,공공임대,영구임대,행복주택,임대료,버스추정교통량,승용차추정교통량,대중교통접근성_상,대중교통접근성_중,대중교통접근성_하,생활서비스형상권,소매외식형상권,이동여가형상권,m_20g_pop,w_20g_pop,m_30-60g_pop,w_30-60g_pop,m_70-g_pop,w_70-g_pop,공유차량 이용건수,lon,lat
2021 화성동탄7-2(1-5)(7단지 능동),Z49,국민임대,1.0,0.0,0.0,0.0,210000.0,206621.0,4581338.0,1.0,0.0,0.0,145.0,925.0,291.0,10.0,8.0,108.0,37.0,29.0,13.0,366.0,127.06112783617262,37.21126821107472
2021 화성동탄5-2(4-6)(5단지 새강),Z50,국민임대,1.0,0.0,0.0,0.0,200000.0,169258.0,3124032.0,0.0,1.0,0.0,97.0,580.0,282.0,10.0,0.0,44.0,44.0,0.0,0.0,506.0,127.06917850910293,37.19352199242703
2021 화성봉담(2단지 동화)(국임),Z38,국민임대,1.0,0.0,0.0,0.0,160000.0,52475.0,1411828.0,0.0,1.0,0.0,135.0,603.0,258.0,17.0,25.0,106.0,120.0,12.0,37.0,277.0,126.96073759786272,37.21866582016575
2021 화성향남(5단지 한우물)(국임),Z28,국민임대,1.0,0.0,0.0,0.0,80000.0,72892.0,1138878.0,0.0,1.0,0.0,133.0,1161.0,198.0,40.0,32.0,168.0,210.0,35.0,70.0,83.0,126.91563525782476,37.124382456748776
2021 화성향남(5단지 한우물)(국임),Z28,국민임대,1.0,0.0,0.0,0.0,80000.0,72892.0,1138878.0,0.0,1.0,0.0,133.0,1161.0,198.0,40.0,32.0,168.0,210.0,35.0,70.0,83.0,126.91563525782476,37.124382456748776
2021 화성향남(5단지 한우물)(국임),Z28,국민임대,1.0,0.0,0.0,0.0,170000.0,72892.0,1138878.0,0.0,1.0,0.0,133.0,1161.0,198.0,49.0,54.0,175.0,221.0,34.0,44.0,83.0,126.91563525782476,37.124382456748776
2021 화성향남(5단지 한우물)(국임),Z28,국민임대,1.0,0.0,0.0,0.0,170000.0,72892.0,1138878.0,0.0,1.0,0.0,133.0,1161.0,198.0,49.0,54.0,175.0,221.0,34.0,44.0,83.0,126.91563525782476,37.124382456748776
2021 화성향남(6단지 한우물)(국임),Z27,국민임대,1.0,0.0,0.0,0.0,160000.0,102324.0,1414510.0,0.0,1.0,0.0,99.0,983.0,204.0,49.0,54.0,175.0,221.0,34.0,44.0,89.0,126.91848914458268,37.124146320662334
2021 화성향남(6단지 한우물)(국임),Z27,국민임대,1.0,0.0,0.0,0.0,160000.0,102324.0,1414510.0,0.0,1.0,0.0,99.0,983.0,204.0,49.0,54.0,175.0,221.0,34.0,44.0,89.0,126.91848914458268,37.124146320662334
2021 화성향남(6단지 한우물)(국임),Z27,국민임대,1.0,0.0,0.0,0.0,80000.0,102324.0,1414510.0,0.0,1.0,0.0,99.0,983.0,204.0,14.0,17.0,57.0,60.0,0.0,0.0,89.0,126.91848914458268,37.124146320662334
2021 화성향남(6단지 한우물)(국임),Z27,국민임대,1.0,0.0,0.0,0.0,80000.0,102324.0,1414510.0,0.0,1.0,0.0,99.0,983.0,204.0,14.0,17.0,57.0,60.0,0.0,0.0,89.0,126.91848914458268,37.124146320662334
2021 화성동탄2 A24블럭(4단지)(국임/영구),Z54,국민임대,1.0,0.0,0.0,0.0,310000.0,0.0,0.0,1.0,0.0,0.0,46.0,672.0,212.0,0.0,0.0,0.0,0.0,0.0,0.0,896.0,127.12159671867512,37.206008562740415
2021 화성동탄2 A24블럭(4단지)(국임/영구),Z54,국민임대,1.0,0.0,0.0,0.0,310000.0,0.0,0.0,1.0,0.0,0.0,46.0,672.0,212.0,0.0,0.0,0.0,0.0,0.0,0.0,896.0,127.12159671867512,37.206008562740415
2021 화성동탄2 A24블럭(4단지)(국임/영구),Z54,국민임대,1.0,0.0,0.0,0.0,310000.0,0.0,0.0,1.0,0.0,0.0,46.0,672.0,212.0,0.0,0.0,0.0,0.0,0.0,0.0,896.0,127.12159671867512,37.206008562740415
2021 화성동탄2 A24블럭(4단지)(국임/영구),Z54,국민임대,1.0,0.0,0.0,0.0,240000.0,0.0,0.0,1.0,0.0,0.0,46.0,672.0,212.0,0.0,0.0,0.0,0.0,0.0,0.0,896.0,127.12159671867512,37.206008562740415
2021 화성동탄2 A24블럭(4단지)(국임/영구),Z54,국민임대,1.0,0.0,0.0,0.0,240000.0,0.0,0.0,1.0,0.0,0.0,46.0,672.0,212.0,0.0,0.0,0.0,0.0,0.0,0.0,896.0,127.12159671867512,37.206008562740415
2021 화성동탄2 A24블럭(4단지)(국임/영구),Z54,국민임대,1.0,0.0,0.0,0.0,240000.0,0.0,0.0,1.0,0.0,0.0,46.0,672.0,212.0,0.0,0.0,0.0,0.0,0.0,0.0,896.0,127.12159671867512,37.206008562740415
2021 화성동탄2 A24블럭(4단지)(국임/영구),Z54,영구임대,0.0,0.0,1.0,0.0,70000.0,0.0,0.0,1.0,0.0,0.0,46.0,672.0,212.0,0.0,0.0,0.0,0.0,0.0,0.0,896.0,127.12159671867512,37.206008562740415
2021 화성동탄2 A24블럭(4단지)(국임/영구),Z54,영구임대,0.0,0.0,1.0,0.0,70000.0,0.0,0.0,1.0,0.0,0.0,46.0,672.0,212.0,0.0,0.0,0.0,0.0,0.0,0.0,896.0,127.12159671867512,37.206008562740415
2021 화성동탄2 A24블럭(4단지)(국임/영구),Z54,영구임대,0.0,0.0,1.0,0.0,70000.0,0.0,0.0,1.0,0.0,0.0,46.0,672.0,212.0,0.0,0.0,0.0,0.0,0.0,0.0,896.0,127.12159671867512,37.206008562740415
2021 화성동탄2 A65블럭(26단지 레이크빌),Z69,공공임대,0.0,1.0,0.0,0.0,700000.0,0.0,0.0,0.0,0.0,1.0,17.0,264.0,43.0,0.0,0.0,0.0,0.0,0.0,0.0,400.0,127.10363603424877,37.176328174895865
2021 화성남양뉴타운(LH4단지)(국임),Z32,국민임대,1.0,0.0,0.0,0.0,230000.0,46902.0,1428768.0,0.0,0.0,1.0,57.0,326.0,58.0,22.0,17.0,96.0,98.0,6.0,6.0,68.0,126.8297874487212,37.21002761493576
2021 화성남양뉴타운(LH4단지)(국임),Z32,국민임대,1.0,0.0,0.0,0.0,230000.0,46902.0,1428768.0,0.0,0.0,1.0,57.0,326.0,58.0,22.0,17.0,96.0,98.0,6.0,6.0,68.0,126.8297874487212,37.21002761493576
2021 화성남양뉴타운(LH4단지)(국임),Z32,국민임대,1.0,0.0,0.0,0.0,140000.0,46902.0,1428768.0,0.0,0.0,1.0,57.0,326.0,58.0,11.0,10.0,82.0,89.0,0.0,0.0,68.0,126.8297874487212,37.21002761493576
2021 화성남양뉴타운(LH4단지)(국임),Z32,국민임대,1.0,0.0,0.0,0.0,140000.0,46902.0,1428768.0,0.0,0.0,1.0,57.0,326.0,58.0,11.0,10.0,82.0,89.0,0.0,0.0,68.0,126.8297874487212,37.21002761493576
2021 화성향남2(5단지 서봉)(국임),Z24,국민임대,1.0,0.0,0.0,0.0,240000.0,48876.0,1584727.0,0.0,1.0,0.0,14.0,381.0,46.0,0.0,0.0,0.0,0.0,0.0,0.0,255.0,126.90622137455452,37.11549960103785
2021 화성향남2(5단지 서봉)(국임),Z24,국민임대,1.0,0.0,0.0,0.0,240000.0,48876.0,1584727.0,0.0,1.0,0.0,14.0,381.0,46.0,0.0,0.0,0.0,0.0,0.0,0.0,255.0,126.90622137455452,37.11549960103785
2021 화성향남2(5단지 서봉)(국임),Z24,국민임대,1.0,0.0,0.0,0.0,160000.0,48876.0,1584727.0,0.0,1.0,0.0,14.0,381.0,46.0,10.0,8.0,108.0,37.0,29.0,13.0,255.0,126.90622137455452,37.11549960103785
2021 화성향남2(5단지 서봉)(국임),Z24,국민임대,1.0,0.0,0.0,0.0,160000.0,48876.0,1584727.0,0.0,1.0,0.0,14.0,381.0,46.0,10.0,8.0,108.0,37.0,29.0,13.0,255.0,126.90622137455452,37.11549960103785
2021 (NHF제3호)화성동탄2 A50블럭(22단지 르파비스),Z70,공공임대,0.0,1.0,0.0,0.0,690000.0,0.0,0.0,1.0,0.0,0.0,10.0,71.0,33.0,0.0,0.0,0.0,0.0,0.0,0.0,488.0,127.12640625930578,37.18369051479117
2021 (NHF제3호)화성동탄2 A50블럭(22단지 르파비스),Z70,공공임대,0.0,1.0,0.0,0.0,690000.0,0.0,0.0,1.0,0.0,0.0,10.0,71.0,33.0,0.0,0.0,0.0,0.0,0.0,0.0,488.0,127.12640625930578,37.18369051479117
2021 (NHF제3호)화성동탄2 A50블럭(22단지 르파비스),Z70,공공임대,0.0,1.0,0.0,0.0,450000.0,0.0,0.0,1.0,0.0,0.0,10.0,71.0,33.0,0.0,0.0,0.0,0.0,0.0,0.0,488.0,127.12640625930578,37.18369051479117
2021 (NHF제3호)화성동탄2 A50블럭(22단지 르파비스),Z70,공공임대,0.0,1.0,0.0,0.0,450000.0,0.0,0.0,1.0,0.0,0.0,10.0,71.0,33.0,0.0,0.0,0.0,0.0,0.0,0.0,488.0,127.12640625930578,37.18369051479117
2021 (NHF제3호)화성동탄2 A69블럭(24단지 스타힐스),Z65,공공임대,0.0,1.0,0.0,0.0,690000.0,0.0,0.0,0.0,1.0,0.0,16.0,211.0,51.0,0.0,0.0,0.0,0.0,0.0,0.0,567.0,127.1181879835962,37.17306946117509
2021 화성남양뉴타운(LH9단지)(국임),Z31,국민임대,1.0,0.0,0.0,0.0,250000.0,29155.0,970549.0,1.0,0.0,0.0,23.0,183.0,32.0,0.0,0.0,0.0,0.0,0.0,0.0,291.0,126.83389536488892,37.20902784398266
2021 화성남양뉴타운(LH9단지)(국임),Z31,국민임대,1.0,0.0,0.0,0.0,250000.0,29155.0,970549.0,1.0,0.0,0.0,23.0,183.0,32.0,0.0,0.0,0.0,0.0,0.0,0.0,291.0,126.83389536488892,37.20902784398266
2021 화성남양뉴타운(LH9단지)(국임),Z31,국민임대,1.0,0.0,0.0,0.0,150000.0,29155.0,970549.0,1.0,0.0,0.0,23.0,183.0,32.0,6.0,0.0,24.0,26.0,0.0,0.0,291.0,126.83389536488892,37.20902784398266
2021 화성남양뉴타운(LH9단지)(국임),Z31,국민임대,1.0,0.0,0.0,0.0,150000.0,29155.0,970549.0,1.0,0.0,0.0,23.0,183.0,32.0,6.0,0.0,24.0,26.0,0.0,0.0,291.0,126.83389536488892,37.20902784398266
2021 화성향남2(18단지 언덕)(국임),Z23,국민임대,1.0,0.0,0.0,0.0,140000.0,18935.0,593533.0,0.0,0.0,1.0,11.0,99.0,7.0,11.0,10.0,82.0,89.0,0.0,0.0,246.0,126.89633801266328,37.09737740735296
2021 화성향남2(18단지 언덕)(국임),Z23,국민임대,1.0,0.0,0.0,0.0,140000.0,18935.0,593533.0,0.0,0.0,1.0,11.0,99.0,7.0,11.0,10.0,82.0,89.0,0.0,0.0,246.0,126.89633801266328,37.09737740735296
2021 화성향남2(18단지 언덕)(국임),Z23,국민임대,1.0,0.0,0.0,0.0,220000.0,18935.0,593533.0,0.0,0.0,1.0,11.0,99.0,7.0,34.0,38.0,220.0,215.0,9.0,11.0,246.0,126.89633801266328,37.09737740735296
2021 화성향남2(18단지 언덕)(국임),Z23,국민임대,1.0,0.0,0.0,0.0,220000.0,18935.0,593533.0,0.0,0.0,1.0,11.0,99.0,7.0,34.0,38.0,220.0,215.0,9.0,11.0,246.0,126.89633801266328,37.09737740735296
2021 화성동탄2 C26블럭(26단지)(행복),Z14,행복주택,0.0,0.0,0.0,1.0,120000.0,209069.0,5077674.0,0.0,0.0,1.0,15.0,145.0,18.0,8.0,12.0,56.0,50.0,7.0,15.0,353.0,127.09138249064644,37.185810629208376
2021 화성동탄2 C26블럭(26단지)(행복),Z14,행복주택,0.0,0.0,0.0,1.0,120000.0,209069.0,5077674.0,0.0,0.0,1.0,15.0,145.0,18.0,8.0,12.0,56.0,50.0,7.0,15.0,353.0,127.09138249064644,37.185810629208376
2021 화성동탄2 C26블럭(26단지)(행복),Z14,행복주택,0.0,0.0,0.0,1.0,230000.0,209069.0,5077674.0,0.0,0.0,1.0,15.0,145.0,18.0,0.0,0.0,0.0,0.0,0.0,0.0,353.0,127.09138249064644,37.185810629208376
2021 화성동탄2 C26블럭(26단지)(행복),Z14,행복주택,0.0,0.0,0.0,1.0,230000.0,209069.0,5077674.0,0.0,0.0,1.0,15.0,145.0,18.0,0.0,0.0,0.0,0.0,0.0,0.0,353.0,127.09138249064644,37.185810629208376
2021 화성봉담2(LH3단지)(국임),Z34,국민임대,1.0,0.0,0.0,0.0,150000.0,96075.0,2941069.0,0.0,0.0,1.0,77.0,475.0,199.0,0.0,0.0,0.0,0.0,0.0,0.0,491.0,126.95216236841328,37.22511370196941
2021 화성봉담2(LH3단지)(국임),Z34,국민임대,1.0,0.0,0.0,0.0,150000.0,96075.0,2941069.0,0.0,0.0,1.0,77.0,475.0,199.0,0.0,0.0,0.0,0.0,0.0,0.0,491.0,126.95216236841328,37.22511370196941
2021 화성봉담2(LH3단지)(국임),Z34,국민임대,1.0,0.0,0.0,0.0,230000.0,96075.0,2941069.0,0.0,0.0,1.0,77.0,475.0,199.0,0.0,0.0,0.0,0.0,0.0,0.0,491.0,126.95216236841328,37.22511370196941
2021 화성봉담2(LH3단지)(국임),Z34,국민임대,1.0,0.0,0.0,0.0,230000.0,96075.0,2941069.0,0.0,0.0,1.0,77.0,475.0,199.0,0.0,0.0,0.0,0.0,0.0,0.0,491.0,126.95216236841328,37.22511370196941
2021 화성봉담2(LH2단지)(국임),Z35,국민임대,1.0,0.0,0.0,0.0,150000.0,61808.0,1864541.0,1.0,0.0,0.0,58.0,376.0,86.0,0.0,0.0,0.0,0.0,0.0,0.0,532.0,126.94385201364334,37.22174695633284
2021 화성봉담2(LH2단지)(국임),Z35,국민임대,1.0,0.0,0.0,0.0,150000.0,61808.0,1864541.0,1.0,0.0,0.0,58.0,376.0,86.0,0.0,0.0,0.0,0.0,0.0,0.0,532.0,126.94385201364334,37.22174695633284
2021 화성봉담2(LH2단지)(국임),Z35,국민임대,1.0,0.0,0.0,0.0,230000.0,61808.0,1864541.0,1.0,0.0,0.0,58.0,376.0,86.0,0.0,0.0,0.0,0.0,0.0,0.0,532.0,126.94385201364334,37.22174695633284
2021 화성봉담2(LH2단지)(국임),Z35,국민임대,1.0,0.0,0.0,0.0,230000.0,61808.0,1864541.0,1.0,0.0,0.0,58.0,376.0,86.0,0.0,0.0,0.0,0.0,0.0,0.0,532.0,126.94385201364334,37.22174695633284
2021 (NHF제8호)화성동탄2 A48블럭(22단지 경남아너스빌),Z71,공공임대,0.0,1.0,0.0,0.0,670000.0,0.0,0.0,1.0,0.0,0.0,8.0,63.0,34.0,0.0,0.0,0.0,0.0,0.0,0.0,396.0,127.12744277544502,37.1863544034649
2021 (NHF제8호)화성동탄2 A48블럭(22단지 경남아너스빌),Z71,공공임대,0.0,1.0,0.0,0.0,670000.0,0.0,0.0,1.0,0.0,0.0,8.0,63.0,34.0,0.0,0.0,0.0,0.0,0.0,0.0,396.0,127.12744277544502,37.1863544034649
2021 (NHF제8호)화성동탄2 A48블럭(22단지 경남아너스빌),Z71,공공임대,0.0,1.0,0.0,0.0,460000.0,0.0,0.0,1.0,0.0,0.0,8.0,63.0,34.0,0.0,0.0,0.0,0.0,0.0,0.0,396.0,127.12744277544502,37.1863544034649
2021 (NHF제8호)화성동탄2 A48블럭(22단지 경남아너스빌),Z71,공공임대,0.0,1.0,0.0,0.0,460000.0,0.0,0.0,1.0,0.0,0.0,8.0,63.0,34.0,0.0,0.0,0.0,0.0,0.0,0.0,396.0,127.12744277544502,37.1863544034649
2021 화성동탄2 A6블럭(1단지)(국민),Z51,국민임대,1.0,0.0,0.0,0.0,150000.0,12379.0,467452.0,1.0,0.0,0.0,9.0,117.0,30.0,0.0,0.0,0.0,0.0,0.0,0.0,289.0,127.1151604984168,37.21752896396176
2021 화성동탄2 A6블럭(1단지)(국민),Z51,국민임대,1.0,0.0,0.0,0.0,150000.0,12379.0,467452.0,1.0,0.0,0.0,9.0,117.0,30.0,0.0,0.0,0.0,0.0,0.0,0.0,289.0,127.1151604984168,37.21752896396176
2021 화성동탄2 A6블럭(1단지)(국민),Z51,국민임대,1.0,0.0,0.0,0.0,230000.0,12379.0,467452.0,1.0,0.0,0.0,9.0,117.0,30.0,0.0,0.0,0.0,0.0,0.0,0.0,289.0,127.1151604984168,37.21752896396176
2021 화성동탄2 A6블럭(1단지)(국민),Z51,국민임대,1.0,0.0,0.0,0.0,230000.0,12379.0,467452.0,1.0,0.0,0.0,9.0,117.0,30.0,0.0,0.0,0.0,0.0,0.0,0.0,289.0,127.1151604984168,37.21752896396176
2021 (NHF제10호)화성동탄2 A83블럭(28단지 엘크루),Z62,공공임대,0.0,1.0,0.0,0.0,450000.0,0.0,0.0,0.0,0.0,1.0,8.0,66.0,7.0,0.0,0.0,0.0,0.0,0.0,0.0,394.0,127.09405138517886,37.16197945258353
2021 (NHF제10호)화성동탄2 A83블럭(28단지 엘크루),Z62,공공임대,0.0,1.0,0.0,0.0,450000.0,0.0,0.0,0.0,0.0,1.0,8.0,66.0,7.0,0.0,0.0,0.0,0.0,0.0,0.0,394.0,127.09405138517886,37.16197945258353
2021 (NHF제10호)화성동탄2 A83블럭(28단지 엘크루),Z62,공공임대,0.0,1.0,0.0,0.0,680000.0,0.0,0.0,0.0,0.0,1.0,8.0,66.0,7.0,0.0,0.0,0.0,0.0,0.0,0.0,394.0,127.09405138517886,37.16197945258353
2021 (NHF제10호)화성동탄2 A83블럭(28단지 엘크루),Z62,공공임대,0.0,1.0,0.0,0.0,680000.0,0.0,0.0,0.0,0.0,1.0,8.0,66.0,7.0,0.0,0.0,0.0,0.0,0.0,0.0,394.0,127.09405138517886,37.16197945258353
"2021 화성봉담2(LH4단지)(행복,임대상가)",Z10,행복주택,0.0,0.0,0.0,1.0,90000.0,52132.0,1899235.0,0.0,0.0,1.0,71.0,318.0,91.0,13.0,14.0,80.0,86.0,0.0,0.0,868.0,126.95125788128516,37.22901327183224
"2021 화성봉담2(LH4단지)(행복,임대상가)",Z10,행복주택,0.0,0.0,0.0,1.0,90000.0,52132.0,1899235.0,0.0,0.0,1.0,71.0,318.0,91.0,13.0,14.0,80.0,86.0,0.0,0.0,868.0,126.95125788128516,37.22901327183224
"2021 화성봉담2(LH4단지)(행복,임대상가)",Z10,행복주택,0.0,0.0,0.0,1.0,170000.0,52132.0,1899235.0,0.0,0.0,1.0,71.0,318.0,91.0,0.0,0.0,0.0,0.0,0.0,0.0,868.0,126.95125788128516,37.22901327183224
"2021 화성봉담2(LH4단지)(행복,임대상가)",Z10,행복주택,0.0,0.0,0.0,1.0,170000.0,52132.0,1899235.0,0.0,0.0,1.0,71.0,318.0,91.0,0.0,0.0,0.0,0.0,0.0,0.0,868.0,126.95125788128516,37.22901327183224
2021 (NHF제12호)화성동탄2 A63블럭(23단지 센트럴써밋),Z66,공공임대,0.0,1.0,0.0,0.0,460000.0,0.0,0.0,0.0,0.0,1.0,13.0,150.0,44.0,0.0,0.0,0.0,0.0,0.0,0.0,365.0,127.12351804383636,37.17570625725826
2021 화성동탄2 A82블럭(28단지)(행복),Z17,행복주택,0.0,0.0,0.0,1.0,100000.0,54131.0,1390287.0,1.0,0.0,0.0,10.0,159.0,13.0,0.0,0.0,0.0,0.0,0.0,0.0,823.0,127.09468424817597,37.16370186920907
2021 화성동탄2 A82블럭(28단지)(행복),Z17,행복주택,0.0,0.0,0.0,1.0,100000.0,54131.0,1390287.0,1.0,0.0,0.0,10.0,159.0,13.0,0.0,0.0,0.0,0.0,0.0,0.0,823.0,127.09468424817597,37.16370186920907
2021 화성동탄2 A82블럭(28단지)(행복),Z17,행복주택,0.0,0.0,0.0,1.0,190000.0,54131.0,1390287.0,1.0,0.0,0.0,10.0,159.0,13.0,0.0,0.0,0.0,0.0,0.0,0.0,823.0,127.09468424817597,37.16370186920907
2021 화성동탄2 A82블럭(28단지)(행복),Z17,행복주택,0.0,0.0,0.0,1.0,190000.0,54131.0,1390287.0,1.0,0.0,0.0,10.0,159.0,13.0,0.0,0.0,0.0,0.0,0.0,0.0,823.0,127.09468424817597,37.16370186920907
"2021 화성남양뉴타운(LH10단지)(국임,임대상가)",Z30,국민임대,1.0,0.0,0.0,0.0,140000.0,29411.0,1027959.0,1.0,0.0,0.0,18.0,183.0,37.0,0.0,0.0,0.0,0.0,0.0,0.0,238.0,126.83465134528905,37.20697819840025
"2021 화성남양뉴타운(LH10단지)(국임,임대상가)",Z30,국민임대,1.0,0.0,0.0,0.0,140000.0,29411.0,1027959.0,1.0,0.0,0.0,18.0,183.0,37.0,0.0,0.0,0.0,0.0,0.0,0.0,238.0,126.83465134528905,37.20697819840025
"2021 화성남양뉴타운(LH10단지)(국임,임대상가)",Z30,국민임대,1.0,0.0,0.0,0.0,220000.0,29411.0,1027959.0,1.0,0.0,0.0,18.0,183.0,37.0,0.0,0.0,0.0,0.0,0.0,0.0,238.0,126.83465134528905,37.20697819840025
"2021 화성남양뉴타운(LH10단지)(국임,임대상가)",Z30,국민임대,1.0,0.0,0.0,0.0,220000.0,29411.0,1027959.0,1.0,0.0,0.0,18.0,183.0,37.0,0.0,0.0,0.0,0.0,0.0,0.0,238.0,126.83465134528905,37.20697819840025
"2021 화성발안(1단지)(행복,임대상가)",Z1,행복주택,0.0,0.0,0.0,1.0,90000.0,30342.0,1056589.0,1.0,0.0,0.0,16.0,110.0,4.0,19.0,16.0,227.0,214.0,8.0,9.0,172.0,126.90977873809642,37.08762840985505
"2021 화성발안(1단지)(행복,임대상가)",Z1,행복주택,0.0,0.0,0.0,1.0,90000.0,30342.0,1056589.0,1.0,0.0,0.0,16.0,110.0,4.0,19.0,16.0,227.0,214.0,8.0,9.0,172.0,126.90977873809642,37.08762840985505
"2021 화성발안(1단지)(행복,임대상가)",Z1,행복주택,0.0,0.0,0.0,1.0,160000.0,30342.0,1056589.0,1.0,0.0,0.0,16.0,110.0,4.0,15.0,26.0,113.0,117.0,0.0,0.0,172.0,126.90977873809642,37.08762840985505
"2021 화성발안(1단지)(행복,임대상가)",Z1,행복주택,0.0,0.0,0.0,1.0,160000.0,30342.0,1056589.0,1.0,0.0,0.0,16.0,110.0,4.0,15.0,26.0,113.0,117.0,0.0,0.0,172.0,126.90977873809642,37.08762840985505
2021 화성동탄2 A77-1블럭(35단지)(행복),Z18,행복주택,0.0,0.0,0.0,1.0,120000.0,45875.0,869691.0,1.0,0.0,0.0,10.0,126.0,41.0,0.0,0.0,0.0,0.0,0.0,0.0,532.0,127.1217664388396,37.16627733421841
2021 화성동탄2 A77-1블럭(35단지)(행복),Z18,행복주택,0.0,0.0,0.0,1.0,120000.0,45875.0,869691.0,1.0,0.0,0.0,10.0,126.0,41.0,0.0,0.0,0.0,0.0,0.0,0.0,532.0,127.1217664388396,37.16627733421841
2021 화성동탄2 A77-1블럭(35단지)(행복),Z18,행복주택,0.0,0.0,0.0,1.0,180000.0,45875.0,869691.0,1.0,0.0,0.0,10.0,126.0,41.0,0.0,0.0,0.0,0.0,0.0,0.0,532.0,127.1217664388396,37.16627733421841
2021 화성동탄2 A77-1블럭(35단지)(행복),Z18,행복주택,0.0,0.0,0.0,1.0,180000.0,45875.0,869691.0,1.0,0.0,0.0,10.0,126.0,41.0,0.0,0.0,0.0,0.0,0.0,0.0,532.0,127.1217664388396,37.16627733421841
2021 화성동탄2 A77-2블럭(35단지)(국임/영구),Z52,영구임대,0.0,0.0,1.0,0.0,60000.0,52712.0,800843.0,0.0,0.0,1.0,24.0,244.0,80.0,0.0,0.0,0.0,0.0,0.0,0.0,131.0,127.12129858835809,37.16432178281929
2021 화성동탄2 A77-2블럭(35단지)(국임/영구),Z52,영구임대,0.0,0.0,1.0,0.0,60000.0,52712.0,800843.0,0.0,0.0,1.0,24.0,244.0,80.0,0.0,0.0,0.0,0.0,0.0,0.0,131.0,127.12129858835809,37.16432178281929
2021 화성동탄2 A77-2블럭(35단지)(국임/영구),Z52,영구임대,0.0,0.0,1.0,0.0,60000.0,52712.0,800843.0,0.0,0.0,1.0,24.0,244.0,80.0,0.0,0.0,0.0,0.0,0.0,0.0,131.0,127.12129858835809,37.16432178281929
2021 화성동탄2 A77-2블럭(35단지)(국임/영구),Z52,국민임대,1.0,0.0,0.0,0.0,250000.0,52712.0,800843.0,0.0,0.0,1.0,24.0,244.0,80.0,0.0,0.0,0.0,0.0,0.0,0.0,131.0,127.12129858835809,37.16432178281929
2021 화성동탄2 A77-2블럭(35단지)(국임/영구),Z52,국민임대,1.0,0.0,0.0,0.0,250000.0,52712.0,800843.0,0.0,0.0,1.0,24.0,244.0,80.0,0.0,0.0,0.0,0.0,0.0,0.0,131.0,127.12129858835809,37.16432178281929
2021 화성동탄2 A77-2블럭(35단지)(국임/영구),Z52,국민임대,1.0,0.0,0.0,0.0,250000.0,52712.0,800843.0,0.0,0.0,1.0,24.0,244.0,80.0,0.0,0.0,0.0,0.0,0.0,0.0,131.0,127.12129858835809,37.16432178281929
2021 화성동탄2 A77-2블럭(35단지)(국임/영구),Z52,국민임대,1.0,0.0,0.0,0.0,170000.0,52712.0,800843.0,0.0,0.0,1.0,24.0,244.0,80.0,0.0,0.0,0.0,0.0,0.0,0.0,131.0,127.12129858835809,37.16432178281929
2021 화성동탄2 A77-2블럭(35단지)(국임/영구),Z52,국민임대,1.0,0.0,0.0,0.0,170000.0,52712.0,800843.0,0.0,0.0,1.0,24.0,244.0,80.0,0.0,0.0,0.0,0.0,0.0,0.0,131.0,127.12129858835809,37.16432178281929
2021 화성동탄2 A77-2블럭(35단지)(국임/영구),Z52,국민임대,1.0,0.0,0.0,0.0,170000.0,52712.0,800843.0,0.0,0.0,1.0,24.0,244.0,80.0,0.0,0.0,0.0,0.0,0.0,0.0,131.0,127.12129858835809,37.16432178281929
2021 화성동탄2 A4-1블럭(2단지)(행복),Z16,행복주택,0.0,0.0,0.0,1.0,230000.0,104184.0,2475262.0,0.0,1.0,0.0,37.0,323.0,66.0,0.0,0.0,0.0,0.0,0.0,0.0,1932.0,127.10541141946956,37.21355361504911
2021 화성동탄2 A4-1블럭(2단지)(행복),Z16,행복주택,0.0,0.0,0.0,1.0,230000.0,104184.0,2475262.0,0.0,1.0,0.0,37.0,323.0,66.0,0.0,0.0,0.0,0.0,0.0,0.0,1932.0,127.10541141946956,37.21355361504911
2021 화성동탄2 A4-1블럭(2단지)(행복),Z16,행복주택,0.0,0.0,0.0,1.0,120000.0,104184.0,2475262.0,0.0,1.0,0.0,37.0,323.0,66.0,0.0,0.0,0.0,0.0,0.0,0.0,1932.0,127.10541141946956,37.21355361504911
2021 화성동탄2 A4-1블럭(2단지)(행복),Z16,행복주택,0.0,0.0,0.0,1.0,120000.0,104184.0,2475262.0,0.0,1.0,0.0,37.0,323.0,66.0,0.0,0.0,0.0,0.0,0.0,0.0,1932.0,127.10541141946956,37.21355361504911
2021 화성동탄2 A4-2블럭(2단지)(국임/영구),Z55,국민임대,1.0,0.0,0.0,0.0,270000.0,0.0,0.0,0.0,1.0,0.0,90.0,724.0,184.0,0.0,0.0,0.0,0.0,0.0,0.0,0.0,127.10571159617744,37.21197316557042
2021 화성동탄2 A4-2블럭(2단지)(국임/영구),Z55,국민임대,1.0,0.0,0.0,0.0,270000.0,0.0,0.0,0.0,1.0,0.0,90.0,724.0,184.0,0.0,0.0,0.0,0.0,0.0,0.0,0.0,127.10571159617744,37.21197316557042
2021 화성동탄2 A4-2블럭(2단지)(국임/영구),Z55,국민임대,1.0,0.0,0.0,0.0,270000.0,0.0,0.0,0.0,1.0,0.0,90.0,724.0,184.0,0.0,0.0,0.0,0.0,0.0,0.0,0.0,127.10571159617744,37.21197316557042
2021 화성동탄2 A4-2블럭(2단지)(국임/영구),Z55,국민임대,1.0,0.0,0.0,0.0,180000.0,0.0,0.0,0.0,1.0,0.0,90.0,724.0,184.0,0.0,0.0,0.0,0.0,0.0,0.0,0.0,127.10571159617744,37.21197316557042
2021 화성동탄2 A4-2블럭(2단지)(국임/영구),Z55,국민임대,1.0,0.0,0.0,0.0,180000.0,0.0,0.0,0.0,1.0,0.0,90.0,724.0,184.0,0.0,0.0,0.0,0.0,0.0,0.0,0.0,127.10571159617744,37.21197316557042
2021 화성동탄2 A4-2블럭(2단지)(국임/영구),Z55,국민임대,1.0,0.0,0.0,0.0,180000.0,0.0,0.0,0.0,1.0,0.0,90.0,724.0,184.0,0.0,0.0,0.0,0.0,0.0,0.0,0.0,127.10571159617744,37.21197316557042
2021 화성동탄2 A4-2블럭(2단지)(국임/영구),Z55,영구임대,0.0,0.0,1.0,0.0,90000.0,0.0,0.0,0.0,1.0,0.0,90.0,724.0,184.0,0.0,0.0,0.0,0.0,0.0,0.0,0.0,127.10571159617744,37.21197316557042
2021 화성동탄2 A4-2블럭(2단지)(국임/영구),Z55,영구임대,0.0,0.0,1.0,0.0,90000.0,0.0,0.0,0.0,1.0,0.0,90.0,724.0,184.0,0.0,0.0,0.0,0.0,0.0,0.0,0.0,127.10571159617744,37.21197316557042
2021 화성동탄2 A4-2블럭(2단지)(국임/영구),Z55,영구임대,0.0,0.0,1.0,0.0,90000.0,0.0,0.0,0.0,1.0,0.0,90.0,724.0,184.0,0.0,0.0,0.0,0.0,0.0,0.0,0.0,127.10571159617744,37.21197316557042
2021 화성비봉 A-2블록 행복주택,Z7,행복주택,0.0,0.0,0.0,1.0,140000.0,19218.0,1174269.0,0.0,0.0,1.0,21.0,61.0,9.0,0.0,0.0,0.0,0.0,0.0,0.0,0.0,126.87678294040715,37.24306207126628
2021 화성비봉 A-2블록 행복주택,Z7,행복주택,0.0,0.0,0.0,1.0,140000.0,19218.0,1174269.0,0.0,0.0,1.0,21.0,61.0,9.0,0.0,0.0,0.0,0.0,0.0,0.0,0.0,126.87678294040715,37.24306207126628
2021 화성비봉 A-2블록 행복주택,Z7,행복주택,0.0,0.0,0.0,1.0,70000.0,19218.0,1174269.0,0.0,0.0,1.0,21.0,61.0,9.0,0.0,0.0,0.0,0.0,0.0,0.0,0.0,126.87678294040715,37.24306207126628
2021 화성비봉 A-2블록 행복주택,Z7,행복주택,0.0,0.0,0.0,1.0,70000.0,19218.0,1174269.0,0.0,0.0,1.0,21.0,61.0,9.0,0.0,0.0,0.0,0.0,0.0,0.0,0.0,126.87678294040715,37.24306207126628
2021 화성비봉 A-1블록 국민영구임대주택,Z59,국민임대,1.0,0.0,0.0,0.0,140000.0,0.0,0.0,0.0,0.0,1.0,38.0,112.0,10.0,0.0,0.0,0.0,0.0,0.0,0.0,0.0,126.8761718334125,37.24421545528951
2021 화성비봉 A-1블록 국민영구임대주택,Z59,국민임대,1.0,0.0,0.0,0.0,140000.0,0.0,0.0,0.0,0.0,1.0,38.0,112.0,10.0,0.0,0.0,0.0,0.0,0.0,0.0,0.0,126.8761718334125,37.24421545528951
2021 화성비봉 A-1블록 국민영구임대주택,Z59,국민임대,1.0,0.0,0.0,0.0,140000.0,0.0,0.0,0.0,0.0,1.0,38.0,112.0,10.0,0.0,0.0,0.0,0.0,0.0,0.0,0.0,126.8761718334125,37.24421545528951
2021 화성비봉 A-1블록 국민영구임대주택,Z59,국민임대,1.0,0.0,0.0,0.0,210000.0,0.0,0.0,0.0,0.0,1.0,38.0,112.0,10.0,0.0,0.0,0.0,0.0,0.0,0.0,0.0,126.8761718334125,37.24421545528951
2021 화성비봉 A-1블록 국민영구임대주택,Z59,국민임대,1.0,0.0,0.0,0.0,210000.0,0.0,0.0,0.0,0.0,1.0,38.0,112.0,10.0,0.0,0.0,0.0,0.0,0.0,0.0,0.0,126.8761718334125,37.24421545528951
2021 화성비봉 A-1블록 국민영구임대주택,Z59,국민임대,1.0,0.0,0.0,0.0,210000.0,0.0,0.0,0.0,0.0,1.0,38.0,112.0,10.0,0.0,0.0,0.0,0.0,0.0,0.0,0.0,126.8761718334125,37.24421545528951
2021 화성비봉 A-1블록 국민영구임대주택,Z59,영구임대,0.0,0.0,1.0,0.0,80000.0,0.0,0.0,0.0,0.0,1.0,38.0,112.0,10.0,0.0,0.0,0.0,0.0,0.0,0.0,0.0,126.8761718334125,37.24421545528951
2021 화성비봉 A-1블록 국민영구임대주택,Z59,영구임대,0.0,0.0,1.0,0.0,80000.0,0.0,0.0,0.0,0.0,1.0,38.0,112.0,10.0,0.0,0.0,0.0,0.0,0.0,0.0,0.0,126.8761718334125,37.24421545528951
2021 화성비봉 A-1블록 국민영구임대주택,Z59,영구임대,0.0,0.0,1.0,0.0,80000.0,0.0,0.0,0.0,0.0,1.0,38.0,112.0,10.0,0.0,0.0,0.0,0.0,0.0,0.0,0.0,126.8761718334125,37.24421545528951
2022 화성동탄7-2(1-5)(7단지 능동),Z49,국민임대,1.0,0.0,0.0,0.0,210000.0,131642.0,4581338.0,1.0,0.0,0.0,163.0,886.0,312.0,10.0,0.0,110.0,37.0,37.0,22.0,418.0,127.06112783617262,37.21126821107472
2022 화성동탄5-2(4-6)(5단지 새강),Z50,국민임대,1.0,0.0,0.0,0.0,200000.0,106004.0,3124032.0,0.0,1.0,0.0,122.0,578.0,310.0,10.0,0.0,51.0,45.0,0.0,0.0,375.0,127.06917850910293,37.19352199242703
2022 화성봉담(2단지 동화)(국임),Z38,국민임대,1.0,0.0,0.0,0.0,160000.0,33143.0,1411828.0,0.0,1.0,0.0,132.0,538.0,213.0,17.0,26.0,104.0,121.0,19.0,40.0,331.0,126.96073759786272,37.21866582016575
2022 화성향남(5단지 한우물)(국임),Z28,국민임대,1.0,0.0,0.0,0.0,80000.0,43950.0,1138878.0,0.0,1.0,0.0,143.0,1003.0,216.0,36.0,25.0,165.0,198.0,35.0,73.0,55.0,126.91563525782476,37.124382456748776
2022 화성향남(5단지 한우물)(국임),Z28,국민임대,1.0,0.0,0.0,0.0,80000.0,43950.0,1138878.0,0.0,1.0,0.0,143.0,1003.0,216.0,36.0,25.0,165.0,198.0,35.0,73.0,55.0,126.91563525782476,37.124382456748776
2022 화성향남(5단지 한우물)(국임),Z28,국민임대,1.0,0.0,0.0,0.0,170000.0,43950.0,1138878.0,0.0,1.0,0.0,143.0,1003.0,216.0,47.0,49.0,181.0,222.0,33.0,42.0,55.0,126.91563525782476,37.124382456748776
2022 화성향남(5단지 한우물)(국임),Z28,국민임대,1.0,0.0,0.0,0.0,170000.0,43950.0,1138878.0,0.0,1.0,0.0,143.0,1003.0,216.0,47.0,49.0,181.0,222.0,33.0,42.0,55.0,126.91563525782476,37.124382456748776
2022 화성향남(6단지 한우물)(국임),Z27,국민임대,1.0,0.0,0.0,0.0,160000.0,62444.0,1414510.0,0.0,1.0,0.0,104.0,854.0,220.0,47.0,49.0,181.0,222.0,33.0,42.0,68.0,126.91848914458268,37.124146320662334
2022 화성향남(6단지 한우물)(국임),Z27,국민임대,1.0,0.0,0.0,0.0,160000.0,62444.0,1414510.0,0.0,1.0,0.0,104.0,854.0,220.0,47.0,49.0,181.0,222.0,33.0,42.0,68.0,126.91848914458268,37.124146320662334
2022 화성향남(6단지 한우물)(국임),Z27,국민임대,1.0,0.0,0.0,0.0,80000.0,62444.0,1414510.0,0.0,1.0,0.0,104.0,854.0,220.0,14.0,13.0,60.0,64.0,0.0,6.0,68.0,126.91848914458268,37.124146320662334
2022 화성향남(6단지 한우물)(국임),Z27,국민임대,1.0,0.0,0.0,0.0,80000.0,62444.0,1414510.0,0.0,1.0,0.0,104.0,854.0,220.0,14.0,13.0,60.0,64.0,0.0,6.0,68.0,126.91848914458268,37.124146320662334
2022 화성동탄2 A24블럭(4단지)(국임/영구),Z54,국민임대,1.0,0.0,0.0,0.0,310000.0,0.0,0.0,1.0,0.0,0.0,76.0,758.0,292.0,0.0,0.0,0.0,0.0,0.0,0.0,558.0,127.12159671867512,37.206008562740415
2022 화성동탄2 A24블럭(4단지)(국임/영구),Z54,국민임대,1.0,0.0,0.0,0.0,310000.0,0.0,0.0,1.0,0.0,0.0,76.0,758.0,292.0,0.0,0.0,0.0,0.0,0.0,0.0,558.0,127.12159671867512,37.206008562740415
2022 화성동탄2 A24블럭(4단지)(국임/영구),Z54,국민임대,1.0,0.0,0.0,0.0,310000.0,0.0,0.0,1.0,0.0,0.0,76.0,758.0,292.0,0.0,0.0,0.0,0.0,0.0,0.0,558.0,127.12159671867512,37.206008562740415
2022 화성동탄2 A24블럭(4단지)(국임/영구),Z54,국민임대,1.0,0.0,0.0,0.0,240000.0,0.0,0.0,1.0,0.0,0.0,76.0,758.0,292.0,0.0,0.0,0.0,0.0,0.0,0.0,558.0,127.12159671867512,37.206008562740415
2022 화성동탄2 A24블럭(4단지)(국임/영구),Z54,국민임대,1.0,0.0,0.0,0.0,240000.0,0.0,0.0,1.0,0.0,0.0,76.0,758.0,292.0,0.0,0.0,0.0,0.0,0.0,0.0,558.0,127.12159671867512,37.206008562740415
2022 화성동탄2 A24블럭(4단지)(국임/영구),Z54,국민임대,1.0,0.0,0.0,0.0,240000.0,0.0,0.0,1.0,0.0,0.0,76.0,758.0,292.0,0.0,0.0,0.0,0.0,0.0,0.0,558.0,127.12159671867512,37.206008562740415
2022 화성동탄2 A24블럭(4단지)(국임/영구),Z54,영구임대,0.0,0.0,1.0,0.0,70000.0,0.0,0.0,1.0,0.0,0.0,76.0,758.0,292.0,0.0,0.0,0.0,0.0,0.0,0.0,558.0,127.12159671867512,37.206008562740415
2022 화성동탄2 A24블럭(4단지)(국임/영구),Z54,영구임대,0.0,0.0,1.0,0.0,70000.0,0.0,0.0,1.0,0.0,0.0,76.0,758.0,292.0,0.0,0.0,0.0,0.0,0.0,0.0,558.0,127.12159671867512,37.206008562740415
2022 화성동탄2 A24블럭(4단지)(국임/영구),Z54,영구임대,0.0,0.0,1.0,0.0,70000.0,0.0,0.0,1.0,0.0,0.0,76.0,758.0,292.0,0.0,0.0,0.0,0.0,0.0,0.0,558.0,127.12159671867512,37.206008562740415
2022 화성동탄2 A65블럭(26단지 레이크빌),Z69,공공임대,0.0,1.0,0.0,0.0,700000.0,0.0,0.0,0.0,0.0,1.0,29.0,333.0,80.0,0.0,0.0,0.0,0.0,0.0,0.0,279.0,127.10363603424877,37.176328174895865
2022 화성남양뉴타운(LH4단지)(국임),Z32,국민임대,1.0,0.0,0.0,0.0,230000.0,30002.0,1428768.0,0.0,0.0,1.0,73.0,393.0,66.0,18.0,15.0,102.0,95.0,7.0,0.0,0.0,126.8297874487212,37.21002761493576
2022 화성남양뉴타운(LH4단지)(국임),Z32,국민임대,1.0,0.0,0.0,0.0,230000.0,30002.0,1428768.0,0.0,0.0,1.0,73.0,393.0,66.0,18.0,15.0,102.0,95.0,7.0,0.0,0.0,126.8297874487212,37.21002761493576
2022 화성남양뉴타운(LH4단지)(국임),Z32,국민임대,1.0,0.0,0.0,0.0,140000.0,30002.0,1428768.0,0.0,0.0,1.0,73.0,393.0,66.0,7.0,10.0,86.0,86.0,0.0,0.0,0.0,126.8297874487212,37.21002761493576
2022 화성남양뉴타운(LH4단지)(국임),Z32,국민임대,1.0,0.0,0.0,0.0,140000.0,30002.0,1428768.0,0.0,0.0,1.0,73.0,393.0,66.0,7.0,10.0,86.0,86.0,0.0,0.0,0.0,126.8297874487212,37.21002761493576
2022 화성향남2(5단지 서봉)(국임),Z24,국민임대,1.0,0.0,0.0,0.0,240000.0,31798.0,1584727.0,0.0,1.0,0.0,28.0,361.0,60.0,0.0,0.0,0.0,0.0,0.0,0.0,121.0,126.90622137455452,37.11549960103785
2022 화성향남2(5단지 서봉)(국임),Z24,국민임대,1.0,0.0,0.0,0.0,240000.0,31798.0,1584727.0,0.0,1.0,0.0,28.0,361.0,60.0,0.0,0.0,0.0,0.0,0.0,0.0,121.0,126.90622137455452,37.11549960103785
2022 화성향남2(5단지 서봉)(국임),Z24,국민임대,1.0,0.0,0.0,0.0,160000.0,31798.0,1584727.0,0.0,1.0,0.0,28.0,361.0,60.0,10.0,0.0,110.0,37.0,37.0,22.0,121.0,126.90622137455452,37.11549960103785
2022 화성향남2(5단지 서봉)(국임),Z24,국민임대,1.0,0.0,0.0,0.0,160000.0,31798.0,1584727.0,0.0,1.0,0.0,28.0,361.0,60.0,10.0,0.0,110.0,37.0,37.0,22.0,121.0,126.90622137455452,37.11549960103785
2022 (NHF제3호)화성동탄2 A50블럭(22단지 르파비스),Z70,공공임대,0.0,1.0,0.0,0.0,690000.0,0.0,0.0,1.0,0.0,0.0,22.0,108.0,74.0,0.0,0.0,0.0,0.0,0.0,0.0,478.0,127.12640625930578,37.18369051479117
2022 (NHF제3호)화성동탄2 A50블럭(22단지 르파비스),Z70,공공임대,0.0,1.0,0.0,0.0,690000.0,0.0,0.0,1.0,0.0,0.0,22.0,108.0,74.0,0.0,0.0,0.0,0.0,0.0,0.0,478.0,127.12640625930578,37.18369051479117
2022 (NHF제3호)화성동탄2 A50블럭(22단지 르파비스),Z70,공공임대,0.0,1.0,0.0,0.0,450000.0,0.0,0.0,1.0,0.0,0.0,22.0,108.0,74.0,0.0,0.0,0.0,0.0,0.0,0.0,478.0,127.12640625930578,37.18369051479117
2022 (NHF제3호)화성동탄2 A50블럭(22단지 르파비스),Z70,공공임대,0.0,1.0,0.0,0.0,450000.0,0.0,0.0,1.0,0.0,0.0,22.0,108.0,74.0,0.0,0.0,0.0,0.0,0.0,0.0,478.0,127.12640625930578,37.18369051479117
2022 (NHF제3호)화성동탄2 A69블럭(24단지 스타힐스),Z65,공공임대,0.0,1.0,0.0,0.0,690000.0,0.0,0.0,0.0,1.0,0.0,30.0,301.0,123.0,0.0,0.0,0.0,0.0,0.0,0.0,459.0,127.1181879835962,37.17306946117509
2022 화성남양뉴타운(LH9단지)(국임),Z31,국민임대,1.0,0.0,0.0,0.0,250000.0,20236.0,970549.0,1.0,0.0,0.0,39.0,254.0,40.0,0.0,0.0,0.0,0.0,0.0,0.0,382.0,126.83389536488892,37.20902784398266
2022 화성남양뉴타운(LH9단지)(국임),Z31,국민임대,1.0,0.0,0.0,0.0,250000.0,20236.0,970549.0,1.0,0.0,0.0,39.0,254.0,40.0,0.0,0.0,0.0,0.0,0.0,0.0,382.0,126.83389536488892,37.20902784398266
2022 화성남양뉴타운(LH9단지)(국임),Z31,국민임대,1.0,0.0,0.0,0.0,150000.0,20236.0,970549.0,1.0,0.0,0.0,39.0,254.0,40.0,0.0,0.0,17.0,28.0,0.0,0.0,382.0,126.83389536488892,37.20902784398266
2022 화성남양뉴타운(LH9단지)(국임),Z31,국민임대,1.0,0.0,0.0,0.0,150000.0,20236.0,970549.0,1.0,0.0,0.0,39.0,254.0,40.0,0.0,0.0,17.0,28.0,0.0,0.0,382.0,126.83389536488892,37.20902784398266
2022 화성향남2(18단지 언덕)(국임),Z23,국민임대,1.0,0.0,0.0,0.0,140000.0,12579.0,593533.0,0.0,0.0,1.0,12.0,92.0,14.0,7.0,10.0,86.0,86.0,0.0,0.0,165.0,126.89633801266328,37.09737740735296
2022 화성향남2(18단지 언덕)(국임),Z23,국민임대,1.0,0.0,0.0,0.0,140000.0,12579.0,593533.0,0.0,0.0,1.0,12.0,92.0,14.0,7.0,10.0,86.0,86.0,0.0,0.0,165.0,126.89633801266328,37.09737740735296
2022 화성향남2(18단지 언덕)(국임),Z23,국민임대,1.0,0.0,0.0,0.0,220000.0,12579.0,593533.0,0.0,0.0,1.0,12.0,92.0,14.0,24.0,33.0,223.0,222.0,9.0,13.0,165.0,126.89633801266328,37.09737740735296
2022 화성향남2(18단지 언덕)(국임),Z23,국민임대,1.0,0.0,0.0,0.0,220000.0,12579.0,593533.0,0.0,0.0,1.0,12.0,92.0,14.0,24.0,33.0,223.0,222.0,9.0,13.0,165.0,126.89633801266328,37.09737740735296
2022 화성동탄2 C26블럭(26단지)(행복),Z14,행복주택,0.0,0.0,0.0,1.0,120000.0,147537.0,5077674.0,0.0,0.0,1.0,25.0,172.0,42.0,7.0,14.0,60.0,53.0,7.0,7.0,312.0,127.09138249064644,37.185810629208376
2022 화성동탄2 C26블럭(26단지)(행복),Z14,행복주택,0.0,0.0,0.0,1.0,120000.0,147537.0,5077674.0,0.0,0.0,1.0,25.0,172.0,42.0,7.0,14.0,60.0,53.0,7.0,7.0,312.0,127.09138249064644,37.185810629208376
2022 화성동탄2 C26블럭(26단지)(행복),Z14,행복주택,0.0,0.0,0.0,1.0,230000.0,147537.0,5077674.0,0.0,0.0,1.0,25.0,172.0,42.0,0.0,0.0,0.0,0.0,0.0,0.0,312.0,127.09138249064644,37.185810629208376
2022 화성동탄2 C26블럭(26단지)(행복),Z14,행복주택,0.0,0.0,0.0,1.0,230000.0,147537.0,5077674.0,0.0,0.0,1.0,25.0,172.0,42.0,0.0,0.0,0.0,0.0,0.0,0.0,312.0,127.09138249064644,37.185810629208376
2022 화성봉담2(LH3단지)(국임),Z34,국민임대,1.0,0.0,0.0,0.0,150000.0,89037.0,2941069.0,0.0,0.0,1.0,80.0,469.0,160.0,0.0,0.0,0.0,0.0,0.0,0.0,622.0,126.95216236841328,37.22511370196941
2022 화성봉담2(LH3단지)(국임),Z34,국민임대,1.0,0.0,0.0,0.0,150000.0,89037.0,2941069.0,0.0,0.0,1.0,80.0,469.0,160.0,0.0,0.0,0.0,0.0,0.0,0.0,622.0,126.95216236841328,37.22511370196941
2022 화성봉담2(LH3단지)(국임),Z34,국민임대,1.0,0.0,0.0,0.0,230000.0,89037.0,2941069.0,0.0,0.0,1.0,63.0,469.0,160.0,0.0,0.0,0.0,0.0,0.0,0.0,622.0,126.95216236841328,37.22511370196941
2022 화성봉담2(LH3단지)(국임),Z34,국민임대,1.0,0.0,0.0,0.0,230000.0,89037.0,2941069.0,0.0,0.0,1.0,63.0,469.0,160.0,0.0,0.0,0.0,0.0,0.0,0.0,622.0,126.95216236841328,37.22511370196941
2022 화성봉담2(LH2단지)(국임),Z35,국민임대,1.0,0.0,0.0,0.0,150000.0,68904.0,1864541.0,1.0,0.0,0.0,63.0,374.0,96.0,0.0,0.0,0.0,0.0,0.0,0.0,323.0,126.94385201364334,37.22174695633284
2022 화성봉담2(LH2단지)(국임),Z35,국민임대,1.0,0.0,0.0,0.0,150000.0,68904.0,1864541.0,1.0,0.0,0.0,63.0,374.0,96.0,0.0,0.0,0.0,0.0,0.0,0.0,323.0,126.94385201364334,37.22174695633284
2022 화성봉담2(LH2단지)(국임),Z35,국민임대,1.0,0.0,0.0,0.0,230000.0,68904.0,1864541.0,1.0,0.0,0.0,17.0,374.0,96.0,0.0,0.0,0.0,0.0,0.0,0.0,323.0,126.94385201364334,37.22174695633284
2022 화성봉담2(LH2단지)(국임),Z35,국민임대,1.0,0.0,0.0,0.0,230000.0,68904.0,1864541.0,1.0,0.0,0.0,17.0,374.0,96.0,0.0,0.0,0.0,0.0,0.0,0.0,323.0,126.94385201364334,37.22174695633284
2022 (NHF제8호)화성동탄2 A48블럭(22단지 경남아너스빌),Z71,공공임대,0.0,1.0,0.0,0.0,670000.0,0.0,0.0,1.0,0.0,0.0,17.0,100.0,76.0,0.0,0.0,0.0,0.0,0.0,0.0,369.0,127.12744277544502,37.1863544034649
2022 (NHF제8호)화성동탄2 A48블럭(22단지 경남아너스빌),Z71,공공임대,0.0,1.0,0.0,0.0,670000.0,0.0,0.0,1.0,0.0,0.0,17.0,100.0,76.0,0.0,0.0,0.0,0.0,0.0,0.0,369.0,127.12744277544502,37.1863544034649
2022 (NHF제8호)화성동탄2 A48블럭(22단지 경남아너스빌),Z71,공공임대,0.0,1.0,0.0,0.0,460000.0,0.0,0.0,1.0,0.0,0.0,16.0,100.0,76.0,0.0,0.0,0.0,0.0,0.0,0.0,369.0,127.12744277544502,37.1863544034649
2022 (NHF제8호)화성동탄2 A48블럭(22단지 경남아너스빌),Z71,공공임대,0.0,1.0,0.0,0.0,460000.0,0.0,0.0,1.0,0.0,0.0,16.0,100.0,76.0,0.0,0.0,0.0,0.0,0.0,0.0,369.0,127.12744277544502,37.1863544034649
2022 화성동탄2 A6블럭(1단지)(국민),Z51,국민임대,1.0,0.0,0.0,0.0,150000.0,9168.0,467452.0,1.0,0.0,0.0,16.0,137.0,54.0,0.0,0.0,0.0,0.0,0.0,0.0,164.0,127.1151604984168,37.21752896396176
2022 화성동탄2 A6블럭(1단지)(국민),Z51,국민임대,1.0,0.0,0.0,0.0,150000.0,9168.0,467452.0,1.0,0.0,0.0,16.0,137.0,54.0,0.0,0.0,0.0,0.0,0.0,0.0,164.0,127.1151604984168,37.21752896396176
2022 화성동탄2 A6블럭(1단지)(국민),Z51,국민임대,1.0,0.0,0.0,0.0,230000.0,9168.0,467452.0,1.0,0.0,0.0,14.0,137.0,54.0,0.0,0.0,0.0,0.0,0.0,0.0,164.0,127.1151604984168,37.21752896396176
2022 화성동탄2 A6블럭(1단지)(국민),Z51,국민임대,1.0,0.0,0.0,0.0,230000.0,9168.0,467452.0,1.0,0.0,0.0,14.0,137.0,54.0,0.0,0.0,0.0,0.0,0.0,0.0,164.0,127.1151604984168,37.21752896396176
2022 (NHF제10호)화성동탄2 A83블럭(28단지 엘크루),Z62,공공임대,0.0,1.0,0.0,0.0,450000.0,0.0,0.0,0.0,0.0,1.0,20.0,96.0,43.0,0.0,0.0,0.0,0.0,0.0,0.0,333.0,127.09405138517886,37.16197945258353
2022 (NHF제10호)화성동탄2 A83블럭(28단지 엘크루),Z62,공공임대,0.0,1.0,0.0,0.0,450000.0,0.0,0.0,0.0,0.0,1.0,20.0,96.0,43.0,0.0,0.0,0.0,0.0,0.0,0.0,333.0,127.09405138517886,37.16197945258353
2022 (NHF제10호)화성동탄2 A83블럭(28단지 엘크루),Z62,공공임대,0.0,1.0,0.0,0.0,680000.0,0.0,0.0,0.0,0.0,1.0,23.0,96.0,43.0,0.0,0.0,0.0,0.0,0.0,0.0,333.0,127.09405138517886,37.16197945258353
2022 (NHF제10호)화성동탄2 A83블럭(28단지 엘크루),Z62,공공임대,0.0,1.0,0.0,0.0,680000.0,0.0,0.0,0.0,0.0,1.0,23.0,96.0,43.0,0.0,0.0,0.0,0.0,0.0,0.0,333.0,127.09405138517886,37.16197945258353
"2022 화성봉담2(LH4단지)(행복,임대상가)",Z10,행복주택,0.0,0.0,0.0,1.0,90000.0,45439.0,1899235.0,0.0,0.0,1.0,79.0,325.0,97.0,12.0,14.0,79.0,88.0,0.0,0.0,450.0,126.95125788128516,37.22901327183224
"2022 화성봉담2(LH4단지)(행복,임대상가)",Z10,행복주택,0.0,0.0,0.0,1.0,90000.0,45439.0,1899235.0,0.0,0.0,1.0,79.0,325.0,97.0,12.0,14.0,79.0,88.0,0.0,0.0,450.0,126.95125788128516,37.22901327183224
"2022 화성봉담2(LH4단지)(행복,임대상가)",Z10,행복주택,0.0,0.0,0.0,1.0,170000.0,45439.0,1899235.0,0.0,0.0,1.0,53.0,325.0,97.0,0.0,0.0,0.0,0.0,0.0,0.0,450.0,126.95125788128516,37.22901327183224
"2022 화성봉담2(LH4단지)(행복,임대상가)",Z10,행복주택,0.0,0.0,0.0,1.0,170000.0,45439.0,1899235.0,0.0,0.0,1.0,53.0,325.0,97.0,0.0,0.0,0.0,0.0,0.0,0.0,450.0,126.95125788128516,37.22901327183224
2022 (NHF제12호)화성동탄2 A63블럭(23단지 센트럴써밋),Z66,공공임대,0.0,1.0,0.0,0.0,460000.0,0.0,0.0,0.0,0.0,1.0,14.0,202.0,100.0,0.0,0.0,0.0,0.0,0.0,0.0,358.0,127.12351804383636,37.17570625725826
2022 화성동탄2 A82블럭(28단지)(행복),Z17,행복주택,0.0,0.0,0.0,1.0,100000.0,35085.0,1390287.0,1.0,0.0,0.0,24.0,205.0,58.0,0.0,0.0,0.0,0.0,0.0,0.0,559.0,127.09468424817597,37.16370186920907
2022 화성동탄2 A82블럭(28단지)(행복),Z17,행복주택,0.0,0.0,0.0,1.0,100000.0,35085.0,1390287.0,1.0,0.0,0.0,24.0,205.0,58.0,0.0,0.0,0.0,0.0,0.0,0.0,559.0,127.09468424817597,37.16370186920907
2022 화성동탄2 A82블럭(28단지)(행복),Z17,행복주택,0.0,0.0,0.0,1.0,190000.0,35085.0,1390287.0,1.0,0.0,0.0,32.0,205.0,58.0,0.0,0.0,0.0,0.0,0.0,0.0,559.0,127.09468424817597,37.16370186920907
2022 화성동탄2 A82블럭(28단지)(행복),Z17,행복주택,0.0,0.0,0.0,1.0,190000.0,35085.0,1390287.0,1.0,0.0,0.0,32.0,205.0,58.0,0.0,0.0,0.0,0.0,0.0,0.0,559.0,127.09468424817597,37.16370186920907
"2022 화성남양뉴타운(LH10단지)(국임,임대상가)",Z30,국민임대,1.0,0.0,0.0,0.0,140000.0,20591.0,1027959.0,1.0,0.0,0.0,32.0,250.0,44.0,0.0,0.0,0.0,0.0,0.0,0.0,299.0,126.83465134528905,37.20697819840025
"2022 화성남양뉴타운(LH10단지)(국임,임대상가)",Z30,국민임대,1.0,0.0,0.0,0.0,140000.0,20591.0,1027959.0,1.0,0.0,0.0,32.0,250.0,44.0,0.0,0.0,0.0,0.0,0.0,0.0,299.0,126.83465134528905,37.20697819840025
"2022 화성남양뉴타운(LH10단지)(국임,임대상가)",Z30,국민임대,1.0,0.0,0.0,0.0,220000.0,20591.0,1027959.0,1.0,0.0,0.0,46.0,250.0,44.0,0.0,0.0,0.0,0.0,0.0,0.0,299.0,126.83465134528905,37.20697819840025
"2022 화성남양뉴타운(LH10단지)(국임,임대상가)",Z30,국민임대,1.0,0.0,0.0,0.0,220000.0,20591.0,1027959.0,1.0,0.0,0.0,46.0,250.0,44.0,0.0,0.0,0.0,0.0,0.0,0.0,299.0,126.83465134528905,37.20697819840025
"2022 화성발안(1단지)(행복,임대상가)",Z1,행복주택,0.0,0.0,0.0,1.0,90000.0,22156.0,1056589.0,1.0,0.0,0.0,18.0,89.0,3.0,20.0,19.0,230.0,215.0,14.0,10.0,284.0,126.90977873809642,37.08762840985505
"2022 화성발안(1단지)(행복,임대상가)",Z1,행복주택,0.0,0.0,0.0,1.0,90000.0,22156.0,1056589.0,1.0,0.0,0.0,18.0,89.0,3.0,20.0,19.0,230.0,215.0,14.0,10.0,284.0,126.90977873809642,37.08762840985505
"2022 화성발안(1단지)(행복,임대상가)",Z1,행복주택,0.0,0.0,0.0,1.0,160000.0,22156.0,1056589.0,1.0,0.0,0.0,20.0,89.0,3.0,12.0,20.0,113.0,116.0,0.0,0.0,284.0,126.90977873809642,37.08762840985505
"2022 화성발안(1단지)(행복,임대상가)",Z1,행복주택,0.0,0.0,0.0,1.0,160000.0,22156.0,1056589.0,1.0,0.0,0.0,20.0,89.0,3.0,12.0,20.0,113.0,116.0,0.0,0.0,284.0,126.90977873809642,37.08762840985505
2022 화성동탄2 A77-1블럭(35단지)(행복),Z18,행복주택,0.0,0.0,0.0,1.0,120000.0,35513.0,869691.0,1.0,0.0,0.0,21.0,177.0,96.0,0.0,0.0,0.0,0.0,0.0,0.0,614.0,127.1217664388396,37.16627733421841
2022 화성동탄2 A77-1블럭(35단지)(행복),Z18,행복주택,0.0,0.0,0.0,1.0,120000.0,35513.0,869691.0,1.0,0.0,0.0,21.0,177.0,96.0,0.0,0.0,0.0,0.0,0.0,0.0,614.0,127.1217664388396,37.16627733421841
2022 화성동탄2 A77-1블럭(35단지)(행복),Z18,행복주택,0.0,0.0,0.0,1.0,180000.0,35513.0,869691.0,1.0,0.0,0.0,46.0,177.0,96.0,0.0,0.0,0.0,0.0,0.0,0.0,614.0,127.1217664388396,37.16627733421841
2022 화성동탄2 A77-1블럭(35단지)(행복),Z18,행복주택,0.0,0.0,0.0,1.0,180000.0,35513.0,869691.0,1.0,0.0,0.0,46.0,177.0,96.0,0.0,0.0,0.0,0.0,0.0,0.0,614.0,127.1217664388396,37.16627733421841
2022 화성동탄2 A77-2블럭(35단지)(국임/영구),Z52,영구임대,0.0,0.0,1.0,0.0,60000.0,36113.0,800843.0,0.0,0.0,1.0,46.0,344.0,198.0,0.0,0.0,0.0,0.0,0.0,0.0,278.0,127.12129858835809,37.16432178281929
2022 화성동탄2 A77-2블럭(35단지)(국임/영구),Z52,영구임대,0.0,0.0,1.0,0.0,60000.0,36113.0,800843.0,0.0,0.0,1.0,46.0,344.0,198.0,0.0,0.0,0.0,0.0,0.0,0.0,278.0,127.12129858835809,37.16432178281929
2022 화성동탄2 A77-2블럭(35단지)(국임/영구),Z52,영구임대,0.0,0.0,1.0,0.0,60000.0,36113.0,800843.0,0.0,0.0,1.0,46.0,344.0,198.0,0.0,0.0,0.0,0.0,0.0,0.0,278.0,127.12129858835809,37.16432178281929
2022 화성동탄2 A77-2블럭(35단지)(국임/영구),Z52,국민임대,1.0,0.0,0.0,0.0,250000.0,36113.0,800843.0,0.0,0.0,1.0,46.0,344.0,198.0,0.0,0.0,0.0,0.0,0.0,0.0,278.0,127.12129858835809,37.16432178281929
2022 화성동탄2 A77-2블럭(35단지)(국임/영구),Z52,국민임대,1.0,0.0,0.0,0.0,250000.0,36113.0,800843.0,0.0,0.0,1.0,46.0,344.0,198.0,0.0,0.0,0.0,0.0,0.0,0.0,278.0,127.12129858835809,37.16432178281929
2022 화성동탄2 A77-2블럭(35단지)(국임/영구),Z52,국민임대,1.0,0.0,0.0,0.0,250000.0,36113.0,800843.0,0.0,0.0,1.0,46.0,344.0,198.0,0.0,0.0,0.0,0.0,0.0,0.0,278.0,127.12129858835809,37.16432178281929
2022 화성동탄2 A77-2블럭(35단지)(국임/영구),Z52,국민임대,1.0,0.0,0.0,0.0,170000.0,36113.0,800843.0,0.0,0.0,1.0,73.0,344.0,198.0,0.0,0.0,0.0,0.0,0.0,0.0,278.0,127.12129858835809,37.16432178281929
2022 화성동탄2 A77-2블럭(35단지)(국임/영구),Z52,국민임대,1.0,0.0,0.0,0.0,170000.0,36113.0,800843.0,0.0,0.0,1.0,73.0,344.0,198.0,0.0,0.0,0.0,0.0,0.0,0.0,278.0,127.12129858835809,37.16432178281929
2022 화성동탄2 A77-2블럭(35단지)(국임/영구),Z52,국민임대,1.0,0.0,0.0,0.0,170000.0,36113.0,800843.0,0.0,0.0,1.0,73.0,344.0,198.0,0.0,0.0,0.0,0.0,0.0,0.0,278.0,127.12129858835809,37.16432178281929
2022 화성동탄2 A4-1블럭(2단지)(행복),Z16,행복주택,0.0,0.0,0.0,1.0,230000.0,77477.0,2475262.0,0.0,1.0,0.0,73.0,427.0,115.0,0.0,0.0,0.0,0.0,0.0,0.0,2176.0,127.10541141946956,37.21355361504911
2022 화성동탄2 A4-1블럭(2단지)(행복),Z16,행복주택,0.0,0.0,0.0,1.0,230000.0,77477.0,2475262.0,0.0,1.0,0.0,73.0,427.0,115.0,0.0,0.0,0.0,0.0,0.0,0.0,2176.0,127.10541141946956,37.21355361504911
2022 화성동탄2 A4-1블럭(2단지)(행복),Z16,행복주택,0.0,0.0,0.0,1.0,120000.0,77477.0,2475262.0,0.0,1.0,0.0,170.0,427.0,115.0,0.0,0.0,0.0,0.0,0.0,0.0,2176.0,127.10541141946956,37.21355361504911
2022 화성동탄2 A4-1블럭(2단지)(행복),Z16,행복주택,0.0,0.0,0.0,1.0,120000.0,77477.0,2475262.0,0.0,1.0,0.0,170.0,427.0,115.0,0.0,0.0,0.0,0.0,0.0,0.0,2176.0,127.10541141946956,37.21355361504911
2022 화성동탄2 A4-2블럭(2단지)(국임/영구),Z55,국민임대,1.0,0.0,0.0,0.0,270000.0,0.0,0.0,0.0,1.0,0.0,170.0,950.0,308.0,0.0,0.0,0.0,0.0,0.0,0.0,196.0,127.10571159617744,37.21197316557042
2022 화성동탄2 A4-2블럭(2단지)(국임/영구),Z55,국민임대,1.0,0.0,0.0,0.0,270000.0,0.0,0.0,0.0,1.0,0.0,170.0,950.0,308.0,0.0,0.0,0.0,0.0,0.0,0.0,196.0,127.10571159617744,37.21197316557042
2022 화성동탄2 A4-2블럭(2단지)(국임/영구),Z55,국민임대,1.0,0.0,0.0,0.0,270000.0,0.0,0.0,0.0,1.0,0.0,170.0,950.0,308.0,0.0,0.0,0.0,0.0,0.0,0.0,196.0,127.10571159617744,37.21197316557042
2022 화성동탄2 A4-2블럭(2단지)(국임/영구),Z55,국민임대,1.0,0.0,0.0,0.0,180000.0,0.0,0.0,0.0,1.0,0.0,170.0,950.0,308.0,0.0,0.0,0.0,0.0,0.0,0.0,196.0,127.10571159617744,37.21197316557042
2022 화성동탄2 A4-2블럭(2단지)(국임/영구),Z55,국민임대,1.0,0.0,0.0,0.0,180000.0,0.0,0.0,0.0,1.0,0.0,170.0,950.0,308.0,0.0,0.0,0.0,0.0,0.0,0.0,196.0,127.10571159617744,37.21197316557042
2022 화성동탄2 A4-2블럭(2단지)(국임/영구),Z55,국민임대,1.0,0.0,0.0,0.0,180000.0,0.0,0.0,0.0,1.0,0.0,170.0,950.0,308.0,0.0,0.0,0.0,0.0,0.0,0.0,196.0,127.10571159617744,37.21197316557042
2022 화성동탄2 A4-2블럭(2단지)(국임/영구),Z55,영구임대,0.0,0.0,1.0,0.0,90000.0,0.0,0.0,0.0,1.0,0.0,131.0,950.0,308.0,0.0,0.0,0.0,0.0,0.0,0.0,196.0,127.10571159617744,37.21197316557042
2022 화성동탄2 A4-2블럭(2단지)(국임/영구),Z55,영구임대,0.0,0.0,1.0,0.0,90000.0,0.0,0.0,0.0,1.0,0.0,131.0,950.0,308.0,0.0,0.0,0.0,0.0,0.0,0.0,196.0,127.10571159617744,37.21197316557042
2022 화성동탄2 A4-2블럭(2단지)(국임/영구),Z55,영구임대,0.0,0.0,1.0,0.0,90000.0,0.0,0.0,0.0,1.0,0.0,131.0,950.0,308.0,0.0,0.0,0.0,0.0,0.0,0.0,196.0,127.10571159617744,37.21197316557042
2022 화성비봉 A-2블록 행복주택,Z7,행복주택,0.0,0.0,0.0,1.0,140000.0,14089.0,1174269.0,0.0,0.0,1.0,18.0,52.0,9.0,0.0,0.0,0.0,0.0,0.0,0.0,18.0,126.87678294040715,37.24306207126628
2022 화성비봉 A-2블록 행복주택,Z7,행복주택,0.0,0.0,0.0,1.0,140000.0,14089.0,1174269.0,0.0,0.0,1.0,18.0,52.0,9.0,0.0,0.0,0.0,0.0,0.0,0.0,18.0,126.87678294040715,37.24306207126628
2022 화성비봉 A-2블록 행복주택,Z7,행복주택,0.0,0.0,0.0,1.0,70000.0,14089.0,1174269.0,0.0,0.0,1.0,80.0,52.0,9.0,0.0,0.0,0.0,0.0,0.0,0.0,18.0,126.87678294040715,37.24306207126628
2022 화성비봉 A-2블록 행복주택,Z7,행복주택,0.0,0.0,0.0,1.0,70000.0,14089.0,1174269.0,0.0,0.0,1.0,80.0,52.0,9.0,0.0,0.0,0.0,0.0,0.0,0.0,18.0,126.87678294040715,37.24306207126628
2022 화성비봉 A-1블록 국민영구임대주택,Z59,국민임대,1.0,0.0,0.0,0.0,140000.0,0.0,0.0,0.0,0.0,1.0,34.0,92.0,10.0,0.0,0.0,0.0,0.0,0.0,0.0,6.0,126.8761718334125,37.24421545528951
2022 화성비봉 A-1블록 국민영구임대주택,Z59,국민임대,1.0,0.0,0.0,0.0,140000.0,0.0,0.0,0.0,0.0,1.0,34.0,92.0,10.0,0.0,0.0,0.0,0.0,0.0,0.0,6.0,126.8761718334125,37.24421545528951
2022 화성비봉 A-1블록 국민영구임대주택,Z59,국민임대,1.0,0.0,0.0,0.0,140000.0,0.0,0.0,0.0,0.0,1.0,34.0,92.0,10.0,0.0,0.0,0.0,0.0,0.0,0.0,6.0,126.8761718334125,37.24421545528951
2022 화성비봉 A-1블록 국민영구임대주택,Z59,국민임대,1.0,0.0,0.0,0.0,210000.0,0.0,0.0,0.0,0.0,1.0,34.0,92.0,10.0,0.0,0.0,0.0,0.0,0.0,0.0,6.0,126.8761718334125,37.24421545528951
2022 화성비봉 A-1블록 국민영구임대주택,Z59,국민임대,1.0,0.0,0.0,0.0,210000.0,0.0,0.0,0.0,0.0,1.0,34.0,92.0,10.0,0.0,0.0,0.0,0.0,0.0,0.0,6.0,126.8761718334125,37.24421545528951
2022 화성비봉 A-1블록 국민영구임대주택,Z59,국민임대,1.0,0.0,0.0,0.0,210000.0,0.0,0.0,0.0,0.0,1.0,34.0,92.0,10.0,0.0,0.0,0.0,0.0,0.0,0.0,6.0,126.8761718334125,37.24421545528951
2022 화성비봉 A-1블록 국민영구임대주택,Z59,영구임대,0.0,0.0,1.0,0.0,80000.0,0.0,0.0,0.0,0.0,1.0,69.0,92.0,10.0,0.0,0.0,0.0,0.0,0.0,0.0,6.0,126.8761718334125,37.24421545528951
2022 화성비봉 A-1블록 국민영구임대주택,Z59,영구임대,0.0,0.0,1.0,0.0,80000.0,0.0,0.0,0.0,0.0,1.0,69.0,92.0,10.0,0.0,0.0,0.0,0.0,0.0,0.0,6.0,126.8761718334125,37.24421545528951
2022 화성비봉 A-1블록 국민영구임대주택,Z59,영구임대,0.0,0.0,1.0,0.0,80000.0,0.0,0.0,0.0,0.0,1.0,69.0,92.0,10.0,0.0,0.0,0.0,0.0,0.0,0.0,6.0,126.8761718334125,37.24421545528951
2021 하남풍산2,Q2,국민임대,1.0,0.0,0.0,0.0,230000.0,82748.0,0.0,1.0,0.0,0.0,153.0,726.0,143.0,83.0,85.0,398.0,424.0,70.0,138.0,498.0,127.20213097863233,37.551419566729294
2021 미사강변도시 A12블록(분납),Q5,공공임대,0.0,1.0,0.0,0.0,220000.0,188229.0,0.0,0.0,1.0,0.0,43.0,861.0,73.0,86.0,82.0,635.0,621.0,71.0,56.0,60.0,127.18844810353283,37.57074272066005
2021 하남미사 A13BL,Q7,영구임대,0.0,0.0,1.0,0.0,80000.0,165367.0,0.0,0.0,0.0,1.0,92.0,1836.0,166.0,54.0,44.0,402.0,356.0,154.0,190.0,210.0,127.18869626701157,37.568623475672574
2021 하남미사 A13BL,Q7,영구임대,0.0,0.0,1.0,0.0,80000.0,165367.0,0.0,0.0,0.0,1.0,92.0,1836.0,166.0,54.0,44.0,402.0,356.0,154.0,190.0,210.0,127.18869626701157,37.568623475672574
2021 하남미사 A13BL,Q7,영구임대,0.0,0.0,1.0,0.0,80000.0,165367.0,0.0,0.0,0.0,1.0,92.0,1836.0,166.0,54.0,44.0,402.0,356.0,154.0,190.0,210.0,127.18869626701157,37.568623475672574
2021 하남미사 A13BL,Q7,국민임대,1.0,0.0,0.0,0.0,260000.0,165367.0,0.0,0.0,0.0,1.0,92.0,1836.0,166.0,74.0,60.0,556.0,492.0,213.0,263.0,210.0,127.18869626701157,37.568623475672574
2021 하남미사 A13BL,Q7,국민임대,1.0,0.0,0.0,0.0,260000.0,165367.0,0.0,0.0,0.0,1.0,92.0,1836.0,166.0,74.0,60.0,556.0,492.0,213.0,263.0,210.0,127.18869626701157,37.568623475672574
2021 하남미사 A13BL,Q7,국민임대,1.0,0.0,0.0,0.0,260000.0,165367.0,0.0,0.0,0.0,1.0,92.0,1836.0,166.0,74.0,60.0,556.0,492.0,213.0,263.0,210.0,127.18869626701157,37.568623475672574
2021 하남미사 A13BL,Q7,국민임대,1.0,0.0,0.0,0.0,190000.0,165367.0,0.0,0.0,0.0,1.0,56.0,1836.0,166.0,74.0,60.0,556.0,492.0,213.0,263.0,210.0,127.18869626701157,37.568623475672574
2021 하남미사 A13BL,Q7,국민임대,1.0,0.0,0.0,0.0,190000.0,165367.0,0.0,0.0,0.0,1.0,56.0,1836.0,166.0,74.0,60.0,556.0,492.0,213.0,263.0,210.0,127.18869626701157,37.568623475672574
2021 하남미사 A13BL,Q7,국민임대,1.0,0.0,0.0,0.0,190000.0,165367.0,0.0,0.0,0.0,1.0,56.0,1836.0,166.0,74.0,60.0,556.0,492.0,213.0,263.0,210.0,127.18869626701157,37.568623475672574
2021 미사강변 A29블록 10년 공임리츠,Q8,공공임대,0.0,1.0,0.0,0.0,490000.0,59921.0,0.0,0.0,1.0,0.0,56.0,896.0,78.0,134.0,108.0,854.0,907.0,108.0,100.0,338.0,127.19842868863653,37.561665827284266
2021 미사강변 A29블록 10년 공임리츠,Q8,공공임대,0.0,1.0,0.0,0.0,490000.0,59921.0,0.0,0.0,1.0,0.0,56.0,896.0,78.0,134.0,108.0,854.0,907.0,108.0,100.0,338.0,127.19842868863653,37.561665827284266
2021 미사강변 A29블록 10년 공임리츠,Q8,공공임대,0.0,1.0,0.0,0.0,770000.0,59921.0,0.0,0.0,1.0,0.0,28.0,896.0,78.0,134.0,108.0,854.0,907.0,108.0,100.0,338.0,127.19842868863653,37.561665827284266
2021 미사강변 A29블록 10년 공임리츠,Q8,공공임대,0.0,1.0,0.0,0.0,770000.0,59921.0,0.0,0.0,1.0,0.0,28.0,896.0,78.0,134.0,108.0,854.0,907.0,108.0,100.0,338.0,127.19842868863653,37.561665827284266
2021 하남미사 17단지,Q9,국민임대,1.0,0.0,0.0,0.0,260000.0,74639.0,0.0,0.0,0.0,1.0,28.0,754.0,68.0,106.0,120.0,987.0,1006.0,216.0,263.0,2087.0,127.1812513190973,37.56522453084629
2021 하남미사 17단지,Q9,국민임대,1.0,0.0,0.0,0.0,260000.0,74639.0,0.0,0.0,0.0,1.0,28.0,754.0,68.0,106.0,120.0,987.0,1006.0,216.0,263.0,2087.0,127.1812513190973,37.56522453084629
2021 하남미사 17단지,Q9,국민임대,1.0,0.0,0.0,0.0,210000.0,74639.0,0.0,0.0,0.0,1.0,24.0,754.0,68.0,106.0,120.0,987.0,1006.0,216.0,263.0,2087.0,127.1812513190973,37.56522453084629
2021 하남미사 17단지,Q9,국민임대,1.0,0.0,0.0,0.0,210000.0,74639.0,0.0,0.0,0.0,1.0,24.0,754.0,68.0,106.0,120.0,987.0,1006.0,216.0,263.0,2087.0,127.1812513190973,37.56522453084629
2021 (NHF제4호)하남미사A4,Q10,공공임대,0.0,1.0,0.0,0.0,760000.0,105179.0,0.0,0.0,0.0,1.0,24.0,512.0,51.0,112.0,98.0,795.0,808.0,73.0,67.0,476.0,127.1806862125006,37.57270894203898
2021 (NHF제4호)하남미사A4,Q10,공공임대,0.0,1.0,0.0,0.0,760000.0,105179.0,0.0,0.0,0.0,1.0,24.0,512.0,51.0,112.0,98.0,795.0,808.0,73.0,67.0,476.0,127.1806862125006,37.57270894203898
2021 (NHF제4호)하남미사A4,Q10,공공임대,0.0,1.0,0.0,0.0,500000.0,105179.0,0.0,0.0,0.0,1.0,65.0,512.0,51.0,112.0,98.0,795.0,808.0,73.0,67.0,476.0,127.1806862125006,37.57270894203898
2021 (NHF제4호)하남미사A4,Q10,공공임대,0.0,1.0,0.0,0.0,500000.0,105179.0,0.0,0.0,0.0,1.0,65.0,512.0,51.0,112.0,98.0,795.0,808.0,73.0,67.0,476.0,127.1806862125006,37.57270894203898
2021 미사강변도시 A24블록 10년 공임리츠,Q11,공공임대,0.0,1.0,0.0,0.0,750000.0,104502.0,0.0,0.0,0.0,1.0,65.0,918.0,88.0,110.0,97.0,737.0,780.0,81.0,78.0,134.0,127.19271495588944,37.55956970350168
2021 미사강변도시 A24블록 10년 공임리츠,Q11,공공임대,0.0,1.0,0.0,0.0,750000.0,104502.0,0.0,0.0,0.0,1.0,65.0,918.0,88.0,110.0,97.0,737.0,780.0,81.0,78.0,134.0,127.19271495588944,37.55956970350168
2021 미사강변도시 A24블록 10년 공임리츠,Q11,공공임대,0.0,1.0,0.0,0.0,500000.0,104502.0,0.0,0.0,0.0,1.0,78.0,918.0,88.0,110.0,97.0,737.0,780.0,81.0,78.0,134.0,127.19271495588944,37.55956970350168
2021 미사강변도시 A24블록 10년 공임리츠,Q11,공공임대,0.0,1.0,0.0,0.0,500000.0,104502.0,0.0,0.0,0.0,1.0,78.0,918.0,88.0,110.0,97.0,737.0,780.0,81.0,78.0,134.0,127.19271495588944,37.55956970350168
2021 미사강변도시 A25블록 10년 공임리츠,Q12,공공임대,0.0,1.0,0.0,0.0,760000.0,101377.0,0.0,0.0,1.0,0.0,46.0,898.0,81.0,82.0,98.0,717.0,751.0,43.0,40.0,249.0,127.19249839432958,37.55771019521943
2021 하남미사 A14블록,Q13,국민임대,1.0,0.0,0.0,0.0,240000.0,141714.0,0.0,0.0,0.0,1.0,46.0,877.0,73.0,94.0,96.0,815.0,860.0,188.0,225.0,1016.0,127.19056215109411,37.57125390235706
2021 하남미사 A14블록,Q13,국민임대,1.0,0.0,0.0,0.0,240000.0,141714.0,0.0,0.0,0.0,1.0,46.0,877.0,73.0,94.0,96.0,815.0,860.0,188.0,225.0,1016.0,127.19056215109411,37.57125390235706
2021 하남미사 A14블록,Q13,국민임대,1.0,0.0,0.0,0.0,160000.0,141714.0,0.0,0.0,0.0,1.0,57.0,877.0,73.0,94.0,96.0,815.0,860.0,188.0,225.0,1016.0,127.19056215109411,37.57125390235706
2021 하남미사 A14블록,Q13,국민임대,1.0,0.0,0.0,0.0,160000.0,141714.0,0.0,0.0,0.0,1.0,57.0,877.0,73.0,94.0,96.0,815.0,860.0,188.0,225.0,1016.0,127.19056215109411,37.57125390235706
2021 하남미사 C3BL 행복주택,Q14,행복주택,0.0,0.0,0.0,1.0,160000.0,85424.0,0.0,0.0,1.0,0.0,57.0,886.0,83.0,126.0,270.0,1075.0,890.0,47.0,87.0,2248.0,127.1969568167592,37.56348890456289
2021 하남미사 C3BL 행복주택,Q14,행복주택,0.0,0.0,0.0,1.0,160000.0,85424.0,0.0,0.0,1.0,0.0,57.0,886.0,83.0,126.0,270.0,1075.0,890.0,47.0,87.0,2248.0,127.1969568167592,37.56348890456289
2021 하남미사 C3BL 행복주택,Q14,행복주택,0.0,0.0,0.0,1.0,290000.0,85424.0,0.0,0.0,1.0,0.0,46.0,886.0,83.0,126.0,270.0,1075.0,890.0,47.0,87.0,2248.0,127.1969568167592,37.56348890456289
2021 하남미사 C3BL 행복주택,Q14,행복주택,0.0,0.0,0.0,1.0,290000.0,85424.0,0.0,0.0,1.0,0.0,46.0,886.0,83.0,126.0,270.0,1075.0,890.0,47.0,87.0,2248.0,127.1969568167592,37.56348890456289
"2021 하남감일 10단지(10년, 분납)B5블록",Q15,공공임대,0.0,1.0,0.0,0.0,730000.0,27136.0,0.0,0.0,1.0,0.0,51.0,125.0,12.0,73.0,79.0,687.0,708.0,43.0,35.0,335.0,127.16171561534672,37.50845749292075
2021 하남감일 1단지(10년공임)A1블록,Q16,공공임대,0.0,1.0,0.0,0.0,550000.0,37481.0,0.0,0.0,0.0,1.0,59.0,155.0,15.0,70.0,63.0,506.0,540.0,64.0,59.0,743.0,127.1507072528768,37.5068996375275
2021 감일 포엠포레아파트,Q17,공공임대,0.0,1.0,0.0,0.0,520000.0,27838.0,0.0,1.0,0.0,0.0,71.0,170.0,15.0,71.0,78.0,777.0,737.0,118.0,141.0,293.0,127.16202554576368,37.512135958902135
2021 하남감일 6단지(행복주택)A6블록,Q18,행복주택,0.0,0.0,0.0,1.0,150000.0,32979.0,0.0,1.0,0.0,0.0,71.0,185.0,15.0,73.0,110.0,317.0,249.0,23.0,22.0,1169.0,127.1600562516453,37.51247791325528
2021 하남감일 6단지(행복주택)A6블록,Q18,행복주택,0.0,0.0,0.0,1.0,150000.0,32979.0,0.0,1.0,0.0,0.0,71.0,185.0,15.0,73.0,110.0,317.0,249.0,23.0,22.0,1169.0,127.1600562516453,37.51247791325528
2021 하남감일 6단지(행복주택)A6블록,Q18,행복주택,0.0,0.0,0.0,1.0,240000.0,32979.0,0.0,1.0,0.0,0.0,112.0,185.0,15.0,73.0,110.0,317.0,249.0,23.0,22.0,1169.0,127.1600562516453,37.51247791325528
2021 하남감일 6단지(행복주택)A6블록,Q18,행복주택,0.0,0.0,0.0,1.0,240000.0,32979.0,0.0,1.0,0.0,0.0,112.0,185.0,15.0,73.0,110.0,317.0,249.0,23.0,22.0,1169.0,127.1600562516453,37.51247791325528
"2021 하남감일 8단지(국민, 영구)A3블록",Q19,국민임대,1.0,0.0,0.0,0.0,160000.0,17961.0,0.0,0.0,0.0,1.0,112.0,278.0,22.0,16.0,16.0,136.0,119.0,55.0,46.0,509.0,127.1634532964404,37.51163825871581
"2021 하남감일 8단지(국민, 영구)A3블록",Q19,국민임대,1.0,0.0,0.0,0.0,160000.0,17961.0,0.0,0.0,0.0,1.0,112.0,278.0,22.0,16.0,16.0,136.0,119.0,55.0,46.0,509.0,127.1634532964404,37.51163825871581
"2021 하남감일 8단지(국민, 영구)A3블록",Q19,국민임대,1.0,0.0,0.0,0.0,160000.0,17961.0,0.0,0.0,0.0,1.0,112.0,278.0,22.0,16.0,16.0,136.0,119.0,55.0,46.0,509.0,127.1634532964404,37.51163825871581
"2021 하남감일 8단지(국민, 영구)A3블록",Q19,국민임대,1.0,0.0,0.0,0.0,240000.0,17961.0,741260.0,0.0,0.0,1.0,112.0,278.0,22.0,16.0,16.0,136.0,119.0,55.0,46.0,509.0,127.1634532964404,37.51163825871581
"2021 하남감일 8단지(국민, 영구)A3블록",Q19,국민임대,1.0,0.0,0.0,0.0,240000.0,17961.0,741260.0,0.0,0.0,1.0,112.0,278.0,22.0,16.0,16.0,136.0,119.0,55.0,46.0,509.0,127.1634532964404,37.51163825871581
"2021 하남감일 8단지(국민, 영구)A3블록",Q19,국민임대,1.0,0.0,0.0,0.0,240000.0,17961.0,741260.0,0.0,0.0,1.0,112.0,278.0,22.0,16.0,16.0,136.0,119.0,55.0,46.0,509.0,127.1634532964404,37.51163825871581
"2021 하남감일 8단지(국민, 영구)A3블록",Q19,영구임대,0.0,0.0,1.0,0.0,70000.0,17961.0,741260.0,0.0,0.0,1.0,71.0,278.0,22.0,13.0,12.0,105.0,93.0,42.0,35.0,509.0,127.1634532964404,37.51163825871581
"2021 하남감일 8단지(국민, 영구)A3블록",Q19,영구임대,0.0,0.0,1.0,0.0,70000.0,17961.0,741260.0,0.0,0.0,1.0,71.0,278.0,22.0,13.0,12.0,105.0,93.0,42.0,35.0,509.0,127.1634532964404,37.51163825871581
"2021 하남감일 8단지(국민, 영구)A3블록",Q19,영구임대,0.0,0.0,1.0,0.0,70000.0,17961.0,741260.0,0.0,0.0,1.0,71.0,278.0,22.0,13.0,12.0,105.0,93.0,42.0,35.0,509.0,127.1634532964404,37.51163825871581
2022 하남풍산2,Q2,국민임대,1.0,0.0,0.0,0.0,230000.0,1392496.0,2351955.0,1.0,0.0,0.0,173.0,761.0,175.0,74.0,71.0,383.0,415.0,87.0,139.0,337.0,127.20213097863233,37.551419566729294
2022 미사강변도시 A12블록(분납),Q5,공공임대,0.0,1.0,0.0,0.0,220000.0,2728571.0,3401430.0,0.0,1.0,0.0,75.0,1001.0,155.0,88.0,89.0,637.0,624.0,80.0,58.0,31.0,127.18844810353283,37.57074272066005
2022 하남미사 A13BL,Q7,영구임대,0.0,0.0,1.0,0.0,80000.0,2480455.0,3066425.0,0.0,0.0,1.0,166.0,2124.0,342.0,51.0,40.0,400.0,350.0,158.0,197.0,238.0,127.18869626701157,37.568623475672574
2022 하남미사 A13BL,Q7,영구임대,0.0,0.0,1.0,0.0,80000.0,2480455.0,3066425.0,0.0,0.0,1.0,166.0,2124.0,342.0,51.0,40.0,400.0,350.0,158.0,197.0,238.0,127.18869626701157,37.568623475672574
2022 하남미사 A13BL,Q7,영구임대,0.0,0.0,1.0,0.0,80000.0,2480455.0,3066425.0,0.0,0.0,1.0,166.0,2124.0,342.0,51.0,40.0,400.0,350.0,158.0,197.0,238.0,127.18869626701157,37.568623475672574
2022 하남미사 A13BL,Q7,국민임대,1.0,0.0,0.0,0.0,260000.0,2480455.0,3066425.0,0.0,0.0,1.0,166.0,2124.0,342.0,70.0,55.0,552.0,484.0,219.0,273.0,238.0,127.18869626701157,37.568623475672574
2022 하남미사 A13BL,Q7,국민임대,1.0,0.0,0.0,0.0,260000.0,2480455.0,3066425.0,0.0,0.0,1.0,166.0,2124.0,342.0,70.0,55.0,552.0,484.0,219.0,273.0,238.0,127.18869626701157,37.568623475672574
2022 하남미사 A13BL,Q7,국민임대,1.0,0.0,0.0,0.0,260000.0,2480455.0,3066425.0,0.0,0.0,1.0,166.0,2124.0,342.0,70.0,55.0,552.0,484.0,219.0,273.0,238.0,127.18869626701157,37.568623475672574
2022 하남미사 A13BL,Q7,국민임대,1.0,0.0,0.0,0.0,190000.0,2480455.0,3066425.0,0.0,0.0,1.0,96.0,2124.0,342.0,70.0,55.0,552.0,484.0,219.0,273.0,238.0,127.18869626701157,37.568623475672574
2022 하남미사 A13BL,Q7,국민임대,1.0,0.0,0.0,0.0,190000.0,2480455.0,3066425.0,0.0,0.0,1.0,96.0,2124.0,342.0,70.0,55.0,552.0,484.0,219.0,273.0,238.0,127.18869626701157,37.568623475672574
2022 하남미사 A13BL,Q7,국민임대,1.0,0.0,0.0,0.0,190000.0,2480455.0,3066425.0,0.0,0.0,1.0,96.0,2124.0,342.0,70.0,55.0,552.0,484.0,219.0,273.0,238.0,127.18869626701157,37.568623475672574
2022 미사강변 A29블록 10년 공임리츠,Q8,공공임대,0.0,1.0,0.0,0.0,490000.0,1265739.0,3071934.0,0.0,1.0,0.0,96.0,1073.0,161.0,130.0,110.0,843.0,894.0,117.0,110.0,200.0,127.19842868863653,37.561665827284266
2022 미사강변 A29블록 10년 공임리츠,Q8,공공임대,0.0,1.0,0.0,0.0,490000.0,1265739.0,3071934.0,0.0,1.0,0.0,96.0,1073.0,161.0,130.0,110.0,843.0,894.0,117.0,110.0,200.0,127.19842868863653,37.561665827284266
2022 미사강변 A29블록 10년 공임리츠,Q8,공공임대,0.0,1.0,0.0,0.0,770000.0,1265739.0,3071934.0,0.0,1.0,0.0,54.0,1073.0,161.0,130.0,110.0,843.0,894.0,117.0,110.0,200.0,127.19842868863653,37.561665827284266
2022 미사강변 A29블록 10년 공임리츠,Q8,공공임대,0.0,1.0,0.0,0.0,770000.0,1265739.0,3071934.0,0.0,1.0,0.0,54.0,1073.0,161.0,130.0,110.0,843.0,894.0,117.0,110.0,200.0,127.19842868863653,37.561665827284266
2022 하남미사 17단지,Q9,국민임대,1.0,0.0,0.0,0.0,260000.0,1338055.0,1531264.0,0.0,0.0,1.0,54.0,911.0,151.0,97.0,102.0,969.0,988.0,227.0,284.0,1916.0,127.1812513190973,37.56522453084629
2022 하남미사 17단지,Q9,국민임대,1.0,0.0,0.0,0.0,260000.0,1338055.0,1531264.0,0.0,0.0,1.0,54.0,911.0,151.0,97.0,102.0,969.0,988.0,227.0,284.0,1916.0,127.1812513190973,37.56522453084629
2022 하남미사 17단지,Q9,국민임대,1.0,0.0,0.0,0.0,210000.0,1338055.0,1531264.0,0.0,0.0,1.0,43.0,911.0,151.0,97.0,102.0,969.0,988.0,227.0,284.0,1916.0,127.1812513190973,37.56522453084629
2022 하남미사 17단지,Q9,국민임대,1.0,0.0,0.0,0.0,210000.0,1338055.0,1531264.0,0.0,0.0,1.0,43.0,911.0,151.0,97.0,102.0,969.0,988.0,227.0,284.0,1916.0,127.1812513190973,37.56522453084629
2022 (NHF제4호)하남미사A4,Q10,공공임대,0.0,1.0,0.0,0.0,760000.0,1979999.0,2250956.0,0.0,0.0,1.0,43.0,570.0,93.0,102.0,103.0,791.0,808.0,72.0,77.0,722.0,127.1806862125006,37.57270894203898
2022 (NHF제4호)하남미사A4,Q10,공공임대,0.0,1.0,0.0,0.0,760000.0,1979999.0,2250956.0,0.0,0.0,1.0,43.0,570.0,93.0,102.0,103.0,791.0,808.0,72.0,77.0,722.0,127.1806862125006,37.57270894203898
2022 (NHF제4호)하남미사A4,Q10,공공임대,0.0,1.0,0.0,0.0,500000.0,1979999.0,2250956.0,0.0,0.0,1.0,114.0,570.0,93.0,102.0,103.0,791.0,808.0,72.0,77.0,722.0,127.1806862125006,37.57270894203898
2022 (NHF제4호)하남미사A4,Q10,공공임대,0.0,1.0,0.0,0.0,500000.0,1979999.0,2250956.0,0.0,0.0,1.0,114.0,570.0,93.0,102.0,103.0,791.0,808.0,72.0,77.0,722.0,127.1806862125006,37.57270894203898
2022 미사강변도시 A24블록 10년 공임리츠,Q11,공공임대,0.0,1.0,0.0,0.0,750000.0,2064689.0,2782352.0,0.0,0.0,1.0,114.0,1116.0,191.0,101.0,98.0,732.0,780.0,87.0,88.0,202.0,127.19271495588944,37.55956970350168
2022 미사강변도시 A24블록 10년 공임리츠,Q11,공공임대,0.0,1.0,0.0,0.0,750000.0,2064689.0,2782352.0,0.0,0.0,1.0,114.0,1116.0,191.0,101.0,98.0,732.0,780.0,87.0,88.0,202.0,127.19271495588944,37.55956970350168
2022 미사강변도시 A24블록 10년 공임리츠,Q11,공공임대,0.0,1.0,0.0,0.0,500000.0,2064689.0,2782352.0,0.0,0.0,1.0,130.0,1116.0,191.0,101.0,98.0,732.0,780.0,87.0,88.0,202.0,127.19271495588944,37.55956970350168
2022 미사강변도시 A24블록 10년 공임리츠,Q11,공공임대,0.0,1.0,0.0,0.0,500000.0,2064689.0,2782352.0,0.0,0.0,1.0,130.0,1116.0,191.0,101.0,98.0,732.0,780.0,87.0,88.0,202.0,127.19271495588944,37.55956970350168
2022 미사강변도시 A25블록 10년 공임리츠,Q12,공공임대,0.0,1.0,0.0,0.0,760000.0,2042614.0,2974226.0,0.0,1.0,0.0,81.0,1123.0,174.0,77.0,96.0,715.0,742.0,45.0,49.0,406.0,127.19249839432958,37.55771019521943
2022 하남미사 A14블록,Q13,국민임대,1.0,0.0,0.0,0.0,240000.0,1953055.0,3152838.0,0.0,0.0,1.0,81.0,1014.0,151.0,85.0,76.0,802.0,847.0,197.0,250.0,571.0,127.19056215109411,37.57125390235706
2022 하남미사 A14블록,Q13,국민임대,1.0,0.0,0.0,0.0,240000.0,1953055.0,3152838.0,0.0,0.0,1.0,81.0,1014.0,151.0,85.0,76.0,802.0,847.0,197.0,250.0,571.0,127.19056215109411,37.57125390235706
2022 하남미사 A14블록,Q13,국민임대,1.0,0.0,0.0,0.0,160000.0,1953055.0,3152838.0,0.0,0.0,1.0,99.0,1014.0,151.0,85.0,76.0,802.0,847.0,197.0,250.0,571.0,127.19056215109411,37.57125390235706
2022 하남미사 A14블록,Q13,국민임대,1.0,0.0,0.0,0.0,160000.0,1953055.0,3152838.0,0.0,0.0,1.0,99.0,1014.0,151.0,85.0,76.0,802.0,847.0,197.0,250.0,571.0,127.19056215109411,37.57125390235706
2022 하남미사 C3BL 행복주택,Q14,행복주택,0.0,0.0,0.0,1.0,160000.0,1604556.0,2963551.0,0.0,1.0,0.0,99.0,1081.0,183.0,120.0,248.0,1004.0,868.0,56.0,98.0,1582.0,127.1969568167592,37.56348890456289
2022 하남미사 C3BL 행복주택,Q14,행복주택,0.0,0.0,0.0,1.0,160000.0,1604556.0,2963551.0,0.0,1.0,0.0,99.0,1081.0,183.0,120.0,248.0,1004.0,868.0,56.0,98.0,1582.0,127.1969568167592,37.56348890456289
2022 하남미사 C3BL 행복주택,Q14,행복주택,0.0,0.0,0.0,1.0,290000.0,1604556.0,2963551.0,0.0,1.0,0.0,35.0,1081.0,183.0,120.0,248.0,1004.0,868.0,56.0,98.0,1582.0,127.1969568167592,37.56348890456289
2022 하남미사 C3BL 행복주택,Q14,행복주택,0.0,0.0,0.0,1.0,290000.0,1604556.0,2963551.0,0.0,1.0,0.0,35.0,1081.0,183.0,120.0,248.0,1004.0,868.0,56.0,98.0,1582.0,127.1969568167592,37.56348890456289
"2022 하남감일 10단지(10년, 분납)B5블록",Q15,공공임대,0.0,1.0,0.0,0.0,730000.0,976443.0,1069511.0,0.0,1.0,0.0,51.0,168.0,70.0,71.0,65.0,679.0,705.0,47.0,39.0,262.0,127.16171561534672,37.50845749292075
2022 하남감일 1단지(10년공임)A1블록,Q16,공공임대,0.0,1.0,0.0,0.0,550000.0,1678567.0,2556386.0,0.0,0.0,1.0,51.0,193.0,69.0,65.0,61.0,492.0,545.0,62.0,64.0,853.0,127.1507072528768,37.5068996375275
2022 감일 포엠포레아파트,Q17,공공임대,0.0,1.0,0.0,0.0,520000.0,1126582.0,1265901.0,1.0,0.0,0.0,66.0,217.0,71.0,53.0,67.0,773.0,738.0,141.0,159.0,366.0,127.16202554576368,37.512135958902135
2022 하남감일 6단지(행복주택)A6블록,Q18,행복주택,0.0,0.0,0.0,1.0,150000.0,1443921.0,1804492.0,1.0,0.0,0.0,66.0,230.0,72.0,45.0,86.0,326.0,273.0,23.0,24.0,733.0,127.1600562516453,37.51247791325528
2022 하남감일 6단지(행복주택)A6블록,Q18,행복주택,0.0,0.0,0.0,1.0,150000.0,1443921.0,1804492.0,1.0,0.0,0.0,66.0,230.0,72.0,45.0,86.0,326.0,273.0,23.0,24.0,733.0,127.1600562516453,37.51247791325528
2022 하남감일 6단지(행복주택)A6블록,Q18,행복주택,0.0,0.0,0.0,1.0,240000.0,1443921.0,1804492.0,1.0,0.0,0.0,92.0,230.0,72.0,45.0,86.0,326.0,273.0,23.0,24.0,733.0,127.1600562516453,37.51247791325528
2022 하남감일 6단지(행복주택)A6블록,Q18,행복주택,0.0,0.0,0.0,1.0,240000.0,1443921.0,1804492.0,1.0,0.0,0.0,92.0,230.0,72.0,45.0,86.0,326.0,273.0,23.0,24.0,733.0,127.1600562516453,37.51247791325528
"2022 하남감일 8단지(국민, 영구)A3블록",Q19,국민임대,1.0,0.0,0.0,0.0,160000.0,741260.0,807476.0,0.0,0.0,1.0,92.0,376.0,132.0,16.0,14.0,141.0,120.0,60.0,50.0,819.0,127.1634532964404,37.51163825871581
"2022 하남감일 8단지(국민, 영구)A3블록",Q19,국민임대,1.0,0.0,0.0,0.0,160000.0,741260.0,807476.0,0.0,0.0,1.0,92.0,376.0,132.0,16.0,14.0,141.0,120.0,60.0,50.0,819.0,127.1634532964404,37.51163825871581
"2022 하남감일 8단지(국민, 영구)A3블록",Q19,국민임대,1.0,0.0,0.0,0.0,160000.0,741260.0,807476.0,0.0,0.0,1.0,92.0,376.0,132.0,16.0,14.0,141.0,120.0,60.0,50.0,819.0,127.1634532964404,37.51163825871581
"2022 하남감일 8단지(국민, 영구)A3블록",Q19,국민임대,1.0,0.0,0.0,0.0,240000.0,741260.0,807476.0,0.0,0.0,1.0,92.0,376.0,132.0,16.0,14.0,141.0,120.0,60.0,50.0,819.0,127.1634532964404,37.51163825871581
"2022 하남감일 8단지(국민, 영구)A3블록",Q19,국민임대,1.0,0.0,0.0,0.0,240000.0,741260.0,807476.0,0.0,0.0,1.0,92.0,376.0,132.0,16.0,14.0,141.0,120.0,60.0,50.0,819.0,127.1634532964404,37.51163825871581
"2022 하남감일 8단지(국민, 영구)A3블록",Q19,국민임대,1.0,0.0,0.0,0.0,240000.0,741260.0,807476.0,0.0,0.0,1.0,92.0,376.0,132.0,16.0,14.0,141.0,120.0,60.0,50.0,819.0,127.1634532964404,37.51163825871581
"2022 하남감일 8단지(국민, 영구)A3블록",Q19,영구임대,0.0,0.0,1.0,0.0,70000.0,741260.0,807476.0,0.0,0.0,1.0,69.0,376.0,132.0,12.0,10.0,110.0,93.0,47.0,39.0,819.0,127.1634532964404,37.51163825871581
"2022 하남감일 8단지(국민, 영구)A3블록",Q19,영구임대,0.0,0.0,1.0,0.0,70000.0,741260.0,807476.0,0.0,0.0,1.0,69.0,376.0,132.0,12.0,10.0,110.0,93.0,47.0,39.0,819.0,127.1634532964404,37.51163825871581
"2022 하남감일 8단지(국민, 영구)A3블록",Q19,영구임대,0.0,0.0,1.0,0.0,70000.0,741260.0,807476.0,0.0,0.0,1.0,69.0,376.0,132.0,12.0,10.0,110.0,93.0,47.0,39.0,819.0,127.1634532964404,37.51163825871581
,,,,,,,,,,,,,,,,,,,,,,476.8392857,,
